Line;;1947_Q1;1947_Q2;1947_Q3;1947_Q4;1948_Q1;1948_Q2;1948_Q3;1948_Q4;1949_Q1;1949_Q2;1949_Q3;1949_Q4;1950_Q1;1950_Q2;1950_Q3;1950_Q4;1951_Q1;1951_Q2;1951_Q3;1951_Q4;1952_Q1;1952_Q2;1952_Q3;1952_Q4;1953_Q1;1953_Q2;1953_Q3;1953_Q4;1954_Q1;1954_Q2;1954_Q3;1954_Q4;1955_Q1;1955_Q2;1955_Q3;1955_Q4;1956_Q1;1956_Q2;1956_Q3;1956_Q4;1957_Q1;1957_Q2;1957_Q3;1957_Q4;1958_Q1;1958_Q2;1958_Q3;1958_Q4;1959_Q1;1959_Q2;1959_Q3;1959_Q4;1960_Q1;1960_Q2;1960_Q3;1960_Q4;1961_Q1;1961_Q2;1961_Q3;1961_Q4;1962_Q1;1962_Q2;1962_Q3;1962_Q4;1963_Q1;1963_Q2;1963_Q3;1963_Q4;1964_Q1;1964_Q2;1964_Q3;1964_Q4;1965_Q1;1965_Q2;1965_Q3;1965_Q4;1966_Q1;1966_Q2;1966_Q3;1966_Q4;1967_Q1;1967_Q2;1967_Q3;1967_Q4;1968_Q1;1968_Q2;1968_Q3;1968_Q4;1969_Q1;1969_Q2;1969_Q3;1969_Q4;1970_Q1;1970_Q2;1970_Q3;1970_Q4;1971_Q1;1971_Q2;1971_Q3;1971_Q4;1972_Q1;1972_Q2;1972_Q3;1972_Q4;1973_Q1;1973_Q2;1973_Q3;1973_Q4;1974_Q1;1974_Q2;1974_Q3;1974_Q4;1975_Q1;1975_Q2;1975_Q3;1975_Q4;1976_Q1;1976_Q2;1976_Q3;1976_Q4;1977_Q1;1977_Q2;1977_Q3;1977_Q4;1978_Q1;1978_Q2;1978_Q3;1978_Q4;1979_Q1;1979_Q2;1979_Q3;1979_Q4;1980_Q1;1980_Q2;1980_Q3;1980_Q4;1981_Q1;1981_Q2;1981_Q3;1981_Q4;1982_Q1;1982_Q2;1982_Q3;1982_Q4;1983_Q1;1983_Q2;1983_Q3;1983_Q4;1984_Q1;1984_Q2;1984_Q3;1984_Q4;1985_Q1;1985_Q2;1985_Q3;1985_Q4;1986_Q1;1986_Q2;1986_Q3;1986_Q4;1987_Q1;1987_Q2;1987_Q3;1987_Q4;1988_Q1;1988_Q2;1988_Q3;1988_Q4;1989_Q1;1989_Q2;1989_Q3;1989_Q4;1990_Q1;1990_Q2;1990_Q3;1990_Q4;1991_Q1;1991_Q2;1991_Q3;1991_Q4;1992_Q1;1992_Q2;1992_Q3;1992_Q4;1993_Q1;1993_Q2;1993_Q3;1993_Q4;1994_Q1;1994_Q2;1994_Q3;1994_Q4;1995_Q1;1995_Q2;1995_Q3;1995_Q4;1996_Q1;1996_Q2;1996_Q3;1996_Q4;1997_Q1;1997_Q2;1997_Q3;1997_Q4;1998_Q1;1998_Q2;1998_Q3;1998_Q4;1999_Q1;1999_Q2;1999_Q3;1999_Q4;2000_Q1;2000_Q2;2000_Q3;2000_Q4;2001_Q1;2001_Q2;2001_Q3;2001_Q4;2002_Q1;2002_Q2;2002_Q3;2002_Q4;2003_Q1;2003_Q2;2003_Q3;2003_Q4;2004_Q1;2004_Q2;2004_Q3;2004_Q4;2005_Q1;2005_Q2;2005_Q3;2005_Q4;2006_Q1;2006_Q2;2006_Q3;2006_Q4;2007_Q1;2007_Q2;2007_Q3;2007_Q4;2008_Q1;2008_Q2;2008_Q3;2008_Q4;2009_Q1;2009_Q2;2009_Q3;2009_Q4;2010_Q1;2010_Q2;2010_Q3;2010_Q4;2011_Q1;2011_Q2;2011_Q3;2011_Q4;2012_Q1;2012_Q2;2012_Q3;2012_Q4;2013_Q1;2013_Q2;2013_Q3;2013_Q4;2014_Q1;2014_Q2;2014_Q3;2014_Q4;2015_Q1;2015_Q2;2015_Q3;2015_Q4;2016_Q1;2016_Q2;2016_Q3;2016_Q4;2017_Q1;2017_Q2;2017_Q3;2017_Q4;2018_Q1;2018_Q2;2018_Q3;2018_Q4;2019_Q1;2019_Q2;2019_Q3;2019_Q4;2020_Q1;2020_Q2;2020_Q3;2020_Q4
1;        Gross domestic product;243164;245968;249585;259745;265742;272567;279196;280366;275034;271351;272889;270627;280828;290383;308153;319945;336000;344090;351385;356178;359820;361030;367701;380812;387980;391749;391171;385970;385345;386121;390996;399734;413073;421532;430221;437092;439746;446010;451191;460463;469779;472025;479490;474864;467540;471978;485841;499555;510330;522653;525034;528600;542648;541080;545604;540197;545018;555545;567664;580612;594013;600366;609027;612280;621672;629752;644444;653938;669822;678674;692031;697319;717790;730191;749323;771857;795734;804981;819638;833302;844170;848983;865233;881439;909387;934344;950825;968030;993337;1009020;1029956;1038147;1051200;1067375;1086059;1088608;1135156;1156271;1177675;1190297;1230609;1266369;1290566;1328904;1377490;1413887;1433838;1476289;1491209;1530056;1560026;1599679;1616116;1651853;1709820;1761831;1820487;1852332;1886558;1934273;1988648;2055909;2118473;2164270;2202760;2331633;2395053;2476949;2526610;2591247;2667565;2723883;2789842;2797352;2856483;2985557;3124206;3162532;3260609;3280818;3274302;3331972;3366322;3402561;3473413;3578848;3689179;3794706;3908054;4009601;4084250;4148551;4230168;4294887;4386773;4444094;4507894;4545340;4607669;4657627;4722156;4806160;4884555;5007994;5073372;5190036;5282835;5399509;5511253;5612463;5695365;5747237;5872701;5960028;6015116;6004733;6035178;6126862;6205937;6264540;6363102;6470763;6566641;6680803;6729459;6808939;6882098;7013738;7115652;7246931;7331075;7455288;7522289;7580997;7683125;7772586;7868468;8032840;8131408;8259771;8362655;8518825;8662823;8765907;8866480;8969699;9121097;9293991;9417264;9524152;9681856;9899378;10002857;10247679;10319825;10439025;10472879;10597822;10596294;10660294;10788952;10893207;10992051;11071463;11183507;11312875;11567326;11769275;11920169;12108987;12303340;12522425;12761337;12910022;13142873;13332316;13603933;13749806;13867469;14037228;14208569;14382363;14535003;14681501;14651039;14805611;14835187;14559543;14394547;14352850;14420312;14628021;14721350;14926098;15079917;15240843;15285828;15496189;15591850;15796460;16019758;16152257;16257151;16358863;16569591;16637926;16848748;17083137;17104555;17432909;17721657;17849912;18003399;18223577;18347425;18378803;18470156;18656207;18821359;19032580;19237435;19379232;19617288;19937963;20242215;20552653;20742723;20909853;21115309;21329877;21540325;21747394;21561139;19520114;21170252;21494731
2;Personal consumption expenditures;156161;160031;163543;167672;170372;174142;177072;177928;176831;178446;177806;180249;182920;186806;200505;197946;209207;204942;207616;211590;212969;217088;219553;227670;231220;232960;233666;233112;235154;237885;240303;245093;251398;256466;260651;264639;266156;268834;272075;277445;281889;284176;288750;290368;289888;292819;297893;301823;309449;315505;320725;322842;326364;332208;332126;334024;334520;339455;342332;349593;354822;360458;364333;370618;374283;378413;385394;390049;399581;407536;416422;418987;429711;436642;445804;459736;470136;475189;484291;490060;494317;503458;510717;518249;536297;550014;566122;574977;587005;598337;608626;620586;631685;641570;653482;660161;679186;693225;705599;721739;738948;757364;775799;800502;825007;840527;858877;873887;891868;920422;949276;959079;985190;1013582;1047192;1076223;1109908;1129540;1158806;1192408;1228212;1255980;1286905;1324804;1354053;1411385;1442217;1481354;1517141;1557635;1611867;1655035;1702302;1704723;1763771;1831874;1885734;1917524;1958099;1974447;2014155;2039645;2085671;2145554;2184589;2249438;2319895;2372496;2418165;2475876;2513523;2561797;2636008;2681764;2754148;2779400;2823648;2851456;2917201;2952807;2983513;3053330;3117358;3150916;3231896;3291716;3361899;3434539;3490172;3553767;3609399;3653692;3737948;3783421;3846700;3867909;3873562;3926932;3973269;4000032;4100401;4155660;4226971;4307205;4349515;4418581;4487189;4552651;4621223;4683163;4752761;4826713;4862436;4933609;4998662;5055655;5130615;5220499;5274505;5352763;5433105;5471267;5579179;5663610;5721342;5832566;5926846;6028238;6102532;6225300;6328908;6459573;6613597;6707514;6815369;6912095;6986889;7036337;7064655;7174656;7209940;7302112;7390943;7467749;7555778;7642600;7802573;7891485;8027745;8133005;8264342;8425557;8522955;8671428;8849203;8944885;9090652;9210245;9333029;9407453;9549431;9644740;9753799;9877752;9934253;10052843;10080964;9837261;9756126;9760216;9895401;9957092;10040485;10131767;10220606;10350484;10485358;10612125;10705367;10761586;10922442;10964858;11014245;11125711;11223180;11239592;11330946;11475123;11574229;11756878;11915359;12044547;12099073;12255535;12389313;12446001;12551649;12707522;12841158;12979520;13153192;13241268;13370922;13596036;13755546;13939903;14086264;14191412;14276587;14497320;14645313;14759183;14545460;13097348;14401538;14537004
3;    Goods;95594;98248;100419;103453;105093;107188;108741;108657;107167;108282;107569;109305;110800;112587;123987;119944;127605;122180;123364;125845;125538;127608;127941;134055;135704;135574;134420;133642;134172;134970;135429;138495;142939;146831;149363;150459;150216;151111;152117;155173;158014;158649;161229;160519;159257;159819;162422;164773;169723;172617;174524;173564;175060;178396;177503;177103;175641;177564;179176;182850;185534;187792;189527;193023;195047;196685;199868;201018;206646;210932;216255;215177;222676;225586;230769;239671;246406;246958;252093;253020;253477;258504;260475;263506;274394;280853;290386;292833;298845;302664;306616;310588;314095;317554;321727;321800;333880;339820;343866;350896;357744;368368;377675;391473;407267;412681;420716;425877;435505;448600;463992;458056;467993;481541;502752;513051;530733;538969;550453;565063;580398;592927;603902;624310;629241;660999;672360;691665;707868;722167;753278;768437;792001;777831;801862;827480;860091;863784;881052;872546;886293;887947;901826;921096;925911;962632;990798;1015792;1037895;1063643;1066641;1086621;1110392;1126011;1156936;1157097;1170877;1174742;1216749;1220140;1215879;1251382;1281197;1276730;1308826;1326763;1341166;1372483;1388977;1421093;1441926;1443223;1489567;1479260;1496676;1499702;1485841;1497013;1508728;1498155;1533848;1548207;1573141;1597874;1606981;1634169;1649166;1679072;1705669;1726814;1758891;1794840;1788106;1803898;1826234;1843893;1870998;1915873;1925887;1957926;1986608;1974308;2020124;2044983;2044382;2089162;2119865;2180349;2204892;2273073;2311262;2359019;2413086;2437050;2469150;2493402;2499246;2510106;2515247;2577774;2561883;2586933;2618442;2627961;2657334;2677898;2766247;2788911;2843234;2868978;2911339;2984533;3001947;3057414;3137844;3134486;3196843;3226093;3273437;3262249;3308125;3351800;3380010;3428187;3406368;3443532;3427907;3175077;3120027;3134475;3228477;3237111;3266153;3291234;3315119;3398792;3469035;3514457;3527775;3561217;3628717;3616376;3631806;3674058;3731613;3699333;3730352;3758593;3789521;3862947;3897907;3901450;3867908;3927357;3960436;3936269;3939037;3990163;4017540;4046668;4108068;4130306;4177294;4273352;4315557;4368768;4394827;4408264;4415159;4517679;4553619;4562374;4552919;4361518;4868361;4852413
4;        Durable goods;20722;21351;21770;23488;23547;24019;25277;24971;24436;26389;27313;28356;29335;29799;37355;33292;35638;30735;30193;30391;30776;31007;29467;33723;35186;35019;34577;33683;32910;33646;33233;35064;38437;40709;42421;41413;39674;39819;39685;41497;42597;42170;41876;41467;39396;38636;39396;40693;43649;45465;46336;44103;45455;46434;45922;44690;42240;43320;44580;46683;47702;49047;49567;51546;52589;53881;54701;55739;57995;59476;61378;59377;64915;64818;66700;69126;72312;69721;72323;72625;71102;74483;74699;75642;80859;83084;87545;87826;90011;90448;90628;90844;89611;91006;92011;87324;98052;100989;103442;107302;110704;114066;117591;123416;131812;131295;130800;128201;126652;130583;136324;127148;131787;136692;146788;153392;163297;165900;169845;175455;183931;189223;193992;200706;198168;216187;216740;222299;223278;222101;230932;229049;232055;211917;225363;236230;246047;240936;251925;236844;246439;249226;252107;264356;268908;289584;302362;319270;331439;341269;342075;353840;368007;373251;396451;383752;391626;407291;445707;441133;418497;439101;460541;449949;470439;473223;470389;486162;486451;493344;505638;491885;515394;498407;493570;480947;471691;475248;484336;477456;496180;500989;512092;523064;527852;547842;556638;573796;588824;598721;609310;631830;621252;626914;642543;652242;659825;676332;679382;689641;705591;696587;722779;737161;737702;769238;785044;825189;819948;854805;871191;876329;920875;901931;911658;915823;926811;919479;923888;995882;976249;977397;1001720;986105;974533;1007819;1041776;1047074;1064229;1065972;1085046;1107050;1109964;1137918;1151814;1114745;1154128;1149249;1160532;1169422;1179022;1185692;1191859;1195599;1153509;1137729;1095819;1007986;1004480;994700;1035104;1014201;1021085;1043901;1052423;1078441;1087927;1082903;1090755;1112409;1138093;1133557;1141673;1163561;1188767;1185454;1188946;1194486;1203518;1239425;1255633;1269727;1283823;1309627;1318493;1318478;1330962;1339985;1360810;1369132;1383173;1394003;1412984;1452553;1461760;1482554;1488739;1493154;1494454;1535984;1552836;1554131;1496444;1478299;1753000;1748069
5;        Nondurable goods;74872;76897;78649;79965;81546;83169;83465;83686;82731;81894;80255;80949;81465;82788;86632;86652;91966;91445;93171;95454;94762;96601;98474;100331;100517;100556;99842;99959;101261;101324;102196;103431;104502;106122;106942;109046;110541;111291;112432;113676;115417;116479;119353;119052;119862;121183;123026;124080;126074;127152;128188;129461;129605;131961;131580;132413;133401;134245;134596;136167;137832;138745;139960;141477;142458;142803;145166;145279;148651;151455;154877;155800;157760;160768;164069;170545;174094;177238;179770;180394;182375;184021;185777;187864;193535;197769;202841;205007;208834;212216;215988;219744;224484;226548;229716;234475;235828;238832;240424;243595;247040;254302;260084;268057;275456;281386;289916;297675;308853;318017;327667;330908;336206;344849;355964;359659;367436;373070;380608;389607;396467;403704;409909;423604;431073;444812;455620;469367;484590;500067;522347;539388;559946;565914;576499;591250;614044;622849;629127;635702;639854;638721;649719;656740;657003;673049;688437;696522;706457;722374;724567;732781;742385;752760;760485;773345;779252;767452;771042;779007;797382;812281;820656;826781;838387;853540;870778;886321;902525;927749;936288;951338;974173;980853;1003106;1018756;1014150;1021765;1024392;1020699;1037668;1047218;1061049;1074810;1079129;1086326;1092528;1105275;1116845;1128094;1149581;1163010;1166854;1176984;1183691;1191651;1211173;1239541;1246505;1268285;1281017;1277720;1297345;1307821;1306679;1319925;1334820;1355160;1384945;1418268;1440071;1482690;1492211;1535118;1557492;1577579;1572434;1590627;1591359;1581892;1585634;1609535;1616722;1641855;1682801;1670079;1724470;1741837;1779005;1803006;1826294;1877483;1891983;1919496;1986031;2019741;2042714;2076844;2112905;2092827;2129103;2166108;2188151;2232589;2252859;2305803;2332089;2167090;2115548;2139774;2193373;2222909;2245069;2247333;2262696;2320351;2381108;2431554;2437019;2448807;2490624;2482819;2490133;2510497;2542846;2513879;2541405;2564108;2586003;2623522;2642275;2631723;2584085;2617730;2641944;2617791;2608075;2650178;2656730;2677536;2724895;2736303;2764310;2820799;2853797;2886214;2906088;2915110;2920704;2981695;3000783;3008243;3056474;2883219;3115360;3104344
6;    Services;60567;61783;63124;64219;65279;66954;68330;69271;69664;70164;70237;70944;72120;74219;76518;78002;81603;82763;84252;85745;87431;89480;91612;93616;95516;97386;99247;99470;100982;102915;104874;106598;108459;109634;111288;114179;115940;117723;119958;122272;123876;125528;127521;129850;130630;133000;135471;137049;139726;142888;146201;149277;151304;153813;154623;156921;158878;161891;163156;166742;169287;172666;174806;177594;179236;181728;185526;189031;192935;196604;200168;203811;207035;211056;215035;220065;223730;228230;232198;237040;240841;244953;250241;254743;261903;269161;275736;282144;288161;295673;302010;309998;317590;324016;331755;338361;345307;353404;361732;370843;381204;388996;398123;409029;417739;427847;438160;448011;456362;471822;485284;501022;517197;532041;544440;563172;579174;590571;608353;627345;647814;663054;683003;700494;724811;750386;769856;789689;809273;835468;858589;886599;910301;926892;961909;1004394;1025643;1053740;1077047;1101901;1127862;1151697;1183846;1224459;1258678;1286806;1329097;1356704;1380270;1412233;1446882;1475175;1525616;1555754;1597213;1622303;1652771;1676713;1700452;1732668;1767634;1801948;1836160;1874186;1923070;1964954;2020733;2062056;2101195;2132674;2167474;2210469;2248382;2304160;2350024;2368207;2387721;2429918;2464541;2501877;2566552;2607453;2653829;2709331;2742534;2784412;2838023;2873579;2915554;2956348;2993870;3031873;3074329;3129711;3172427;3211762;3259617;3304626;3348618;3394838;3446497;3496960;3559055;3618627;3676961;3743404;3806982;3847889;3897640;3952227;4017646;4100553;4200511;4270464;4346219;4418693;4487643;4526231;4549408;4596882;4648057;4715179;4772501;4839789;4898444;4964702;5036326;5102574;5184511;5264027;5353003;5441024;5521008;5614014;5711358;5810399;5893810;5984152;6059592;6145204;6241307;6292939;6373789;6449565;6527885;6609311;6653057;6662184;6636099;6625741;6666924;6719981;6774332;6840533;6905487;6951692;7016323;7097668;7177592;7200370;7293725;7348482;7382439;7451654;7491567;7540259;7600595;7716530;7784708;7893930;8017452;8143097;8231165;8328178;8428877;8509732;8612612;8717359;8823618;8932852;9045123;9110961;9193627;9322684;9439990;9571135;9691437;9783149;9861429;9979641;10091694;10196809;9992541;8735830;9533177;9684591
7;Gross private domestic investment;35854;34505;34911;43250;47202;50336;52516;51334;43140;36241;39549;37468;46749;52291;58641;68441;64582;67383;61981;57084;58132;53004;57220;60737;61663;62115;61435;56446;55717;55449;58971;62139;68702;72688;74747;78882;78303;77020;78267;77145;77728;77907;79339;71045;66730;65065;71999;80001;83166;89381;83606;86524;96476;87096;86377;75963;78378;84108;90917;92931;98074;96706;98160;94968;99689;101650;104612;107189;110474;110518;112631;114984;126542;127052;131237;133752;144200;143501;143194;145855;142811;137495;142835;147653;152288;158943;155683;160760;172388;172721;177564;171573;168113;171455;173904;166754;189495;197329;202058;198411;212968;226798;233090;239715;254313;268196;264335;280858;268361;277391;271013;281339;244306;243281;265192;276236;304638;322303;328307;337650;360313;389703;414134;422299;434799;470584;492368;515755;525809;539293;545621;547875;554562;519294;495071;551472;619381;609843;652297;643395;588318;593621;592954;549242;565520;613783;652269;718496;790872;818894;838852;831741;809865;827040;822157;859545;863457;855237;835832;842063;871196;874588;876466;946459;908569;934525;942009;962748;1005487;1001047;996460;995809;1010838;1014720;1000785;947453;924569;926541;947476;978788;956817;1013084;1024162;1057962;1083829;1094479;1095852;1153142;1201675;1264948;1251749;1307566;1327586;1303988;1303248;1335135;1355353;1418388;1474350;1480128;1522404;1590218;1625251;1644529;1712324;1695773;1741623;1796964;1853063;1848341;1893735;1953097;1950650;2075786;2059969;2067227;1971333;1973033;1944909;1850091;1912659;1933282;1933197;1942531;1960221;1972386;2044304;2131311;2154052;2262607;2318272;2390082;2486068;2476474;2531076;2645263;2709740;2709252;2709420;2675406;2664295;2699217;2685969;2642560;2563701;2540595;2498242;2307915;2014878;1863650;1841416;1998710;2038161;2148795;2236495;2238440;2205962;2297352;2322840;2504095;2567750;2636863;2644119;2638282;2738236;2775276;2879995;2910546;2899216;3030425;3107620;3139452;3245050;3245825;3251670;3206098;3166041;3157884;3167007;3262433;3266198;3313268;3378844;3446266;3555014;3580926;3671718;3723856;3772798;3739658;3759796;3732637;3675871;3128603;3688199;3926313
8;    Fixed investment;35359;35744;37827;41794;43576;44477;45365;45337;42752;41389;40856;42167;44725;49458;54465;54397;54196;52591;52241;52365;53400;54528;51646;55463;57773;58538;59104;58452;57683;58827;61062;62455;64899;68068;70452;71650;71904;73435;74698;74902;75566;75250;76530;75563;70739;69300;70452;74766;79290;82093;83222;82404;85276;83872;82057;81775;80926;82316;84261;86935;88666;91262;91972;91604;92821;96814;98896;102125;105350;106062;107939;109968;114998;118484;121945;126168;130328;131185;131342;129351;127388;131154;133571;139220;143850;144862;148003;154754;160899;163499;167370;165787;166289;166374;168821;170738;177241;186455;191870;198706;209741;214800;219375;232224;243763;249990;254574;255865;255842;259975;265434;260893;254335;257235;266579;275888;289945;299855;307501;327132;345491;370233;383251;398179;409346;446328;467401;487269;501957;511892;533490;539323;544663;511544;528927;560590;580626;598129;608337;618589;609784;597786;587157;589062;600580;621454;656472;694564;717890;749573;767514;783762;793636;805394;805854;826426;833060;839574;842851;854822;843222;858064;875449;883376;891613;914877;923828;943605;957350;964790;986635;979257;996884;981020;978919;958787;940088;944575;946633;947655;956571;989875;1003650;1036618;1047889;1070375;1089254;1136530;1156312;1183538;1198526;1232424;1266407;1270229;1291922;1316705;1348472;1387867;1423280;1445403;1472659;1501843;1557316;1566877;1607224;1658434;1689202;1736947;1769668;1813230;1853219;1868855;1934493;1985342;2002736;2012884;2001963;1984593;1975026;1930920;1912366;1912113;1907764;1909528;1934140;1978873;2043866;2094966;2108027;2188618;2254106;2317993;2383590;2447639;2518722;2558875;2631526;2633739;2630666;2631930;2642923;2656992;2641047;2615279;2580374;2562847;2514067;2370130;2165874;2059651;2045422;2050795;2039398;2112087;2123598;2171138;2173885;2236305;2334873;2400138;2487473;2545458;2559690;2609548;2655966;2687519;2743781;2798665;2846963;2934034;3008181;3051671;3069402;3095820;3124874;3111409;3116615;3141039;3171870;3210434;3278450;3309238;3333781;3417812;3510466;3570215;3593345;3626543;3674180;3686598;3718480;3729231;3727988;3426959;3689047;3866246
9;        Nonresidential;24818;25171;25361;26540;28231;28050;29081;30160;28583;27476;26112;25628;26386;28855;31910;32919;33139;34124;34843;34642;35131;35765;32892;35816;37791;38465;39614;39200;38332;38159;38879;38890;39480;42063;44826;47085;47772;49062;50746;51410;52465;52640;54066;53215;49369;47830;47435;49332;50942;52735;54421;54398;56322;57188;56165;55882;55012;56198;56712;58473;59656;61356;62101;61819;61973;63883;65712;67669;69113;71075;73406;75324;80230;83382;86686;90645;94382;96823;98325;99163;97999;98297;98785;101744;105582;105299;107609;112182;115993;118368;122408;123284;123796;125008;126255;123520;126281;129481;131190;134711;140585;143976;147015;154967;162839;171283;176642;180142;183404;188818;194485;197569;193137;193276;197807;202883;209504;215008;222627;230244;243278;253749;263268;275943;282424;309351;325100;341428;356695;364268;383003;391332;404492;394680;405717;422755;443025;462864;482109;503755;500083;490069;478723;471521;462106;466455;485371;514687;531465;558274;576642;590903;599417;609088;604432;618067;613525;605016;601964;610553;596551;608371;625480;630552;641498;659366;666332;681924;696466;708998;731137;727373;740880;734124;744412;737519;729800;726787;720150;717600;714208;736717;748536;768287;776488;792371;798315;829642;840715;855609;872098;906989;944620;956779;965530;982059;1003747;1026468;1058965;1083597;1107299;1129567;1178364;1181123;1212378;1247103;1261652;1295444;1322305;1353960;1386594;1395049;1450250;1498729;1519657;1525091;1505248;1473585;1452580;1408856;1374027;1357267;1348884;1331215;1332696;1366842;1392121;1411859;1401830;1445457;1490495;1531693;1568306;1603838;1643130;1668669;1735308;1774400;1815947;1849549;1892034;1937718;1967377;1997123;2013699;2024039;2007007;1918738;1761401;1684966;1656037;1659323;1659963;1715746;1762364;1801850;1805118;1862009;1953756;2008976;2073366;2126171;2125950;2148622;2170890;2180344;2220723;2274020;2314877;2383610;2439762;2461978;2464267;2472522;2479159;2450273;2430238;2448622;2472952;2490186;2532463;2555945;2575242;2634243;2716184;2765936;2792621;2831866;2878407;2891333;2907961;2902271;2859285;2646791;2787401;2875914
10;            Structures;7889;7947;8280;8432;8833;9327;9854;10090;9736;9377;8915;8684;9075;9502;10269;10982;11467;12151;12280;11918;12029;12075;12150;12642;13061;13499;13749;13971;13920;13877;13852;13811;14274;14744;15438;16172;17415;17982;18590;18733;18770;18992;19096;18942;18084;17594;17259;17579;17397;18037;18644;18519;19360;19473;19418;20022;19929;19634;19665;19632;20030;20828;21355;20900;20233;21233;21436;21891;22425;23450;24250;24823;26142;28166;28535;30442;31098;31172;31907;31217;31668;30934;31476;31966;33051;33184;33232;34762;35794;36671;38931;39399;39490;40313;40578;40767;41504;42335;43118;43758;45781;46607;47314;48990;51327;54060;56831;57714;58984;61333;61417;63214;61682;60409;61275;62034;64099;65057;66683;67821;69732;73631;76409;78540;80018;90259;98559;105498;107879;112844;121814;128268;132557;132299;135769;144056;150017;161010;169743;188485;186622;182450;172926;168257;158581;149502;152648;156644;165735;175807;182528;185519;194875;195236;192210;195751;191672;174504;169021;170911;166921;169576;177585;182728;178614;184151;183452;184943;189505;189565;197739;198056;204137;204572;205516;197443;194901;189888;177485;172151;169931;170640;173047;176671;175587;174132;175971;182914;178514;187092;188085;193380;201169;207376;210305;210232;214308;219793;225302;238928;242660;242624;255654;260124;261740;278920;280799;282556;284024;283078;285085;290707;300591;316209;330932;336288;331757;338872;347091;316321;302665;289347;278214;277719;279223;286906;287938;292354;292302;300777;313984;323550;337524;344955;355751;373603;397604;420098;435822;447221;469629;498116;526678;546786;556860;571937;578839;576791;527728;473070;429528;392940;368793;382076;379089;389176;362208;392671;421163;441786;470093;488086;484703;474859;462990;480030;507539;519526;546748;574732;586032;602985;596891;598978;582656;558885;536263;550029;571291;583557;600136;604524;592320;599295;629226;640678;634196;621508;640067;649683;658821;652320;648654;584007;557413;548757
11;            Equipment;14927;15226;15044;16067;17334;16658;17130;17998;16826;16090;15176;14836;15130;17114;19343;19609;19383;19672;20198;20242;20418;20821;17671;19867;21245;21306;22125;21446;20570;20424;21131;21123;21144;23119;25010;26280;25442;25920;26822;27188;28203;28112;29334;28595;25526;24365;24136;25482;27077;28059;29118;29127;30089;30749;29471;28407;27408;28635;28944;30628;31401;32197;32321;32304;32872;33467;34894;36238;37146;37939;39264;40390;43542;44296;46825;48457;51069;53024;53417;54581;52713;53577;53193;55286;57601;56698;58581;61233;63689;64691;66122;66149;66401;66748;67661;64834;66644;68690;69260;71642;74881;76946;78938;84780;89808;94897;96850;98693;100032;102376;107085;107770;104513;105582;108527;111840;115026;118315;123099;128525;139000;144640;150611;160407;164610;179682;185477;192766;203430;204185;212114;212490;219621;209102;215242;221582;231960;238318;246606;246525;242825;235435;232297;228891;227091;237585;249810;271388;275598;288951;297338;305614;302612;309543;306093;313379;310777;317524;318616;323862;312608;320184;327084;323803;335612;344833;349142;357678;363359;371633;381049;372601;376407;365729;373622;371807;361307;358160;362570;361361;360058;379543;387626;399564;406612;421532;424980;447438;461783;465422;476463;501851;525294;525398;524840;536979;546017;556858;577000;581359;587506;602318;630464;623149;645754;655875;658429;680000;695097;712119;728141;719148;749400;773952;774005;766993;751676;716017;692401;685974;667253;661929;661341;648036;644287;665224;680669;692293;681801;713497;734204;758084;768581;786904;808296;815793;850152;857640;867410;873929;886253;897845;896020;893612;885403;871824;852110;772186;683537;652184;662038;683287;719807;763672;804497;820133;839817;854272;904533;926474;957835;984355;984294;1007118;1022809;1017988;1016528;1050866;1058153;1085246;1116993;1107383;1115646;1117437;1130888;1113944;1102396;1088784;1083140;1079931;1094324;1107541;1124678;1162443;1189601;1196955;1219561;1247577;1256475;1243127;1234919;1229294;1181562;1057197;1202047;1266165
12;            Intellectual property products;2002;1998;2037;2041;2064;2065;2097;2072;2021;2008;2021;2108;2181;2239;2298;2328;2289;2301;2365;2482;2684;2869;3071;3307;3486;3660;3740;3783;3842;3859;3896;3956;4062;4201;4378;4633;4915;5160;5334;5489;5492;5536;5636;5678;5760;5871;6040;6272;6469;6640;6659;6752;6874;6967;7276;7452;7675;7928;8102;8212;8225;8330;8425;8615;8867;9183;9381;9540;9542;9686;9892;10111;10546;10920;11327;11746;12215;12628;13000;13366;13618;13786;14116;14492;14930;15417;15796;16187;16510;17006;17355;17736;17905;17948;18016;17918;18133;18456;18812;19312;19923;20424;20763;21197;21704;22326;22961;23735;24388;25110;25983;26585;26942;27285;28006;29010;30379;31636;32845;33897;34546;35478;36249;36997;37796;39410;41063;43164;45386;47239;49074;50574;52314;53279;54706;57117;61048;63536;65760;68745;70637;72185;73500;74374;76435;79369;82913;86654;90132;93516;96775;99770;101930;104310;106129;108937;111076;112988;114328;115780;117022;118611;120811;124020;127272;130383;133738;139304;143602;147800;152349;156716;160336;163822;165274;168270;173592;178740;180096;184088;184220;186534;187864;192052;194289;196707;197364;199290;200418;203094;207550;211758;218158;224004;230385;234849;243422;249817;256663;263310;277134;284625;292246;297850;304884;312308;322424;332888;343185;358762;373368;385194;400258;408567;414719;421810;421815;418696;413087;406561;404110;405991;409328;405460;409186;414712;423514;427212;427726;431184;442307;450058;462200;471979;479083;479272;487552;496662;512716;528399;536152;541758;544679;556724;571436;580278;576058;569762;550136;559711;564471;583096;571363;569998;578778;592540;603092;615066;628060;640716;645438;653729;656953;666645;685091;682326;696656;703628;709976;723632;736736;751609;751730;756107;765615;777444;791580;809808;818521;826698;838002;843880;858244;872504;897356;928303;938865;962781;981865;998523;1014220;1020657;1029069;1005587;1027942;1060992
13;        Residential;10541;10573;12466;15254;15345;16427;16283;15177;14169;13913;14744;16538;18339;20603;22555;21478;21057;18467;17398;17723;18269;18763;18754;19647;19982;20073;19490;19251;19351;20668;22183;23565;25419;26005;25626;24565;24132;24374;23952;23491;23101;22610;22464;22349;21370;21469;23017;25434;28348;29358;28801;28006;28954;26684;25892;25893;25914;26118;27550;28462;29010;29906;29871;29785;30848;32930;33184;34456;36237;34988;34533;34644;34768;35102;35258;35523;35946;34362;33018;30188;29389;32857;34786;37476;38268;39563;40394;42572;44906;45130;44962;42503;42493;41365;42566;47218;50961;56974;60680;63995;69156;70824;72360;77257;80925;78707;77932;75723;72438;71157;70949;63324;61197;63959;68772;73005;80441;84847;84874;96888;102213;116485;119982;122235;126921;136976;142302;145840;145262;147625;150488;147990;140171;116864;123210;137835;137601;135265;126228;114834;109701;107717;108433;117540;138473;155000;171101;179877;186425;191299;190872;192860;194219;196306;201422;208359;219534;234559;240887;244268;246672;249693;249969;252825;250115;255510;257495;261681;260884;255792;255498;251884;256004;246896;234507;221268;210289;217788;226483;230055;242362;253159;255113;268331;271401;278005;290939;306889;315598;327929;326427;325435;321787;313451;326393;334645;344725;361399;364315;361806;365359;372277;378952;385754;394846;411330;427550;441503;447363;459270;466625;473806;484243;486613;483080;487792;496716;511008;522446;522064;538339;554846;558880;578313;601444;612032;651745;683107;706197;743160;763611;786299;815285;843801;875593;890206;896218;859339;814718;782381;750889;719274;673671;618156;566675;538808;507060;451391;404473;374685;389385;391472;379435;396341;361234;369289;368767;374296;381117;391162;414107;419287;433740;460926;485076;507175;523058;524645;532086;550424;568419;589694;605135;623298;645715;661136;686377;692417;698918;720248;745988;753293;758539;783569;794282;804279;800724;794677;795773;795265;810519;826960;868702;780168;901646;990332
14;    Change in private inventories;495;-1240;-2917;1456;3626;5859;7152;5997;388;-5148;-1307;-4699;2024;2833;4177;14044;10386;14792;9740;4719;4732;-1523;5574;5274;3890;3577;2331;-2006;-1966;-3378;-2091;-316;3804;4620;4295;7233;6398;3585;3569;2244;2162;2657;2808;-4518;-4009;-4235;1547;5235;3876;7288;384;4120;11200;3224;4320;-5812;-2548;1792;6656;5996;9408;5444;6188;3364;6868;4836;5716;5064;5124;4456;4692;5016;11544;8568;9292;7584;13872;12316;11852;16504;15423;6341;9263;8433;8438;14082;7681;6007;11489;9222;10194;5787;1823;5081;5083;-3984;12254;10875;10188;-295;3227;11998;13715;7491;10550;18206;9761;24993;12519;17416;5578;20446;-10028;-13954;-1388;348;14693;22448;20807;10518;14822;19469;30884;24121;25453;24257;24966;28487;23852;27401;12131;8553;9899;7750;-33855;-9118;38755;11713;43960;24807;-21466;-4166;5798;-39820;-35060;-7672;-4204;23932;72982;69321;71338;47979;16230;21646;16303;33119;30397;15663;-7019;-12759;27973;16524;1017;63082;16956;19648;18181;19144;48137;36257;9826;16553;13954;33700;21866;-11335;-15520;-18033;843;31133;246;23209;20512;21344;35940;24104;6598;16612;45362;81411;53223;75142;61179;33759;11326;18431;6881;30521;51070;34725;49745;88374;67935;77652;105100;37340;52420;60017;83394;35111;40516;84241;16157;90444;57233;54344;-30631;-11560;-30116;-80829;293;21169;25433;33004;26081;-6488;438;36345;46025;73989;64166;72089;102477;28835;12353;86388;78214;75513;78754;43476;21372;42225;44922;27281;-16673;-22252;-15825;-62215;-150996;-196001;-204006;-52084;-1237;36708;112897;67301;32078;61047;-12033;103956;80278;91406;84429;28734;82270;87757;136215;111881;52253;96391;99439;87781;175648;150005;126797;94689;49426;16844;-4863;51999;-12253;4030;45063;28454;44548;10711;78373;97313;98618;53060;41316;3406;-52117;-298356;-848;60067
15;Net exports of goods and services;10875;11294;11770;9289;7293;5205;4949;4501;6478;6283;5179;2999;2203;1643;-740;-154;177;1943;3742;4190;3721;1951;-4;-1013;-667;-1251;-552;-335;-356;254;574;1145;1104;-155;724;240;440;1909;2569;4527;4819;4099;3997;3388;1079;471;856;-260;519;-768;1211;627;2858;3395;4682;5880;5902;4727;4453;4572;4010;4777;4482;3133;3976;5558;4511;5711;7213;6305;6946;7195;4512;6688;5521;5750;4367;4632;2687;3765;4453;4219;3302;2244;1054;1749;1650;945;239;1104;1231;3149;3514;5207;4088;2985;4570;-401;236;-1920;-3534;-4258;-2638;-3061;-1400;2454;6437;8952;6394;-2714;-6972;33;16481;21582;12043;13801;4650;-496;-4073;-6603;-21079;-21136;-20579;-29582;-38681;-22624;-23760;-16400;-18159;-22189;-23029;-26802;-35803;-15211;5471;-6682;-14259;-13508;-7561;-14750;-16276;-4386;-29647;-29587;-24548;-45434;-65200;-71385;-95004;-104301;-103847;-107756;-91298;-114445;-116895;-133434;-126014;-128872;-138961;-133629;-141234;-146977;-145464;-145405;-123987;-106627;-99263;-107694;-100965;-88160;-75075;-82765;-88536;-68833;-74953;-79096;-47140;-23188;-21074;-23053;-20536;-32788;-38488;-47140;-55704;-63187;-68354;-73449;-80595;-90572;-96868;-101913;-105329;-109492;-74444;-69780;-88795;-93709;-114180;-88822;-108839;-85201;-96831;-117014;-135215;-162331;-174634;-178663;-207731;-244668;-275300;-295638;-352106;-358736;-387846;-401511;-390755;-358543;-365976;-356441;-372592;-415681;-432521;-480814;-504852;-501536;-500763;-505355;-548966;-608024;-636429;-682881;-674590;-690790;-732505;-786886;-777158;-780585;-805630;-720325;-724314;-731908;-713796;-703687;-756179;-758947;-771564;-605663;-396112;-338611;-405497;-445584;-489179;-519127;-535095;-512210;-561474;-581865;-573850;-600657;-615102;-580505;-540838;-537839;-516863;-508931;-496282;-441051;-506318;-507643;-492266;-524406;-528778;-508342;-542670;-526494;-513898;-492334;-497713;-546102;-543562;-559521;-543581;-575470;-589808;-548149;-646433;-653448;-615543;-644744;-631838;-549757;-494307;-545164;-736124;-803749
16;    Exports;18394;19497;19433;17636;16917;15241;15405;14625;16082;15647;14115;12091;11704;11872;12293;13531;15043;17121;18052;18180;18679;16581;15246;15329;15128;15196;15755;15172;14424;16438;15878;16605;17273;16942;18145;18349;19365;20882;21822;23068;24919;24369;23759;23022;20534;20546;20595;20563;21915;21776;24079;23131;26145;26850;27561;27622;27560;26627;27779;28442;28325;29662;29593;28683;29161;31448;31215;32474;34192;34030;35375;36480;32969;38367;37551;39698;39356;40872;40857;42594;43886;43239;42845;43896;45452;47165;49891;49116;44042;53775;53596;56275;57031;60411;60519;60873;63221;62894;65717;60019;68639;67152;71453;76129;83959;91923;97576;107620;116709;126668;126638;136585;141369;136827;134098;142531;143588;146621;151775;156076;155354;161906;162325;157809;164601;186215;191302;205415;211669;220908;234277;253664;268508;277389;284673;292517;305467;308455;302339;304695;293202;294729;279634;265274;270703;272514;278181;286587;292975;302200;305744;308603;306010;304126;297273;305433;313404;315119;320471;334999;336451;355360;371854;392107;418727;439471;453586;466619;485189;507229;509352;515387;538232;545925;555149;568186;573177;590733;600595;615217;625287;626163;639365;641396;643606;653094;650897;671600;681232;706988;736883;758646;781570;798851;831399;839421;847940;859042;859577;903798;918374;954450;974057;968330;963021;947295;935263;966337;962357;973513;1003226;1032015;1054192;1092458;1124279;1114092;1095054;1052590;996394;954505;970716;1003906;1017154;1003188;1008180;1007930;1038108;1090490;1137713;1167759;1182712;1222340;1264763;1296030;1307139;1352968;1413011;1459973;1477849;1539619;1577081;1622140;1683704;1760490;1810993;1909719;1921772;1705736;1514327;1518333;1591059;1704264;1746875;1810006;1865624;1962617;2030271;2105084;2138792;2137832;2164599;2192129;2201780;2206611;2239163;2250667;2269443;2334440;2335909;2387115;2391892;2371898;2295028;2296204;2255524;2216692;2177265;2207832;2258175;2265425;2326357;2333107;2370118;2468658;2507185;2550287;2523896;2533449;2523469;2514644;2505219;2515671;2438710;1788166;2071577;2210058
17;        Goods;15728;16732;16792;15136;14576;13004;13128;12352;13676;13168;11884;10124;9624;9752;10180;11256;12508;14308;15096;15060;15416;13440;12400;12540;12132;12308;12864;12344;11588;13620;12900;13608;14180;13800;14780;14936;15900;17196;18052;19076;20640;20084;19416;18108;16560;16328;16448;16320;15552;15908;17504;16868;19540;20464;20928;20880;21200;20052;20996;21540;21192;22256;22264;21122;21290;23448;23764;24878;26148;26034;26988;27898;24484;28980;28116;30314;30658;30432;30974;32292;32889;32647;31954;32697;33966;35358;37106;36455;32063;40446;39960;42508;43416;45576;45274;45881;46517;46369;49021;42877;50440;49696;52520;57688;65224;72560;77236;88064;95116;103536;103664;111660;114936;108464;109792;116768;117016;119084;122700;127136;126324;131340;130636;125340;129845;150606;153627;165550;170867;178909;191253;208036;221979;227700;232517;239515;247244;248750;241701;243130;232305;233876;218518;205500;209694;209100;214318;223082;224345;229957;234401;236442;232103;228745;222172;226935;224487;227868;229819;243612;242984;258804;272079;288348;311241;328498;338686;349792;360484;379590;379039;379887;396228;400633;406337;409862;420656;427097;431630;441158;449682;448789;460554;462207;460366;466912;462555;481060;484124;505253;533801;550305;571566;583183;605751;609266;617146;621187;626468;650337;668863;700974;717535;712176;708166;683706;676575;701814;688061;697298;717135;744401;761627;790297;821144;810724;797080;761375;715163;691203;687518;714335;725020;709233;719221;719965;734961;774089;799325;824109;836705;859711;886003;919871;924216;957567;1004941;1036295;1053763;1084749;1106916;1137960;1177553;1222656;1275394;1352971;1372664;1169117;1005868;1005509;1067954;1154374;1201129;1251415;1282727;1354488;1411743;1463234;1482448;1491631;1507370;1524886;1533315;1520758;1534869;1542202;1552640;1607129;1591456;1628127;1633904;1606330;1521974;1524767;1485563;1446115;1412246;1428373;1460445;1474973;1513644;1504917;1533450;1615066;1635406;1693491;1660463;1666339;1660572;1631122;1626042;1629139;1599009;1135103;1407118;1530575
18;        Services;2666;2765;2641;2500;2341;2237;2277;2273;2406;2479;2231;1967;2080;2120;2113;2275;2535;2813;2956;3120;3263;3141;2846;2789;2996;2888;2891;2828;2836;2818;2978;2997;3093;3142;3365;3413;3465;3686;3770;3992;4279;4285;4343;4914;3974;4218;4147;4243;6363;5868;6575;6263;6605;6386;6633;6742;6360;6575;6783;6902;7133;7406;7329;7561;7871;8000;7451;7596;8044;7996;8387;8582;8485;9387;9435;9384;8698;10440;9883;10302;10997;10592;10892;11199;11486;11807;12785;12661;11979;13329;13636;13767;13614;14835;15245;14992;16704;16525;16696;17142;18199;17456;18933;18441;18735;19363;20340;19556;21593;23132;22974;24925;26433;28363;24306;25763;26572;27537;29075;28940;29030;30566;31689;32469;34756;35609;37675;39865;40802;41999;43024;45628;46529;49689;52156;53002;58224;59705;60637;61565;60896;60852;61116;59774;61009;63414;63863;63504;68630;72243;71344;72162;73907;75381;75102;78498;88916;87250;90652;91388;93467;96556;99775;103759;107486;110973;114900;116828;124705;127639;130313;135500;142004;145292;148812;158324;152521;163636;168965;174059;175605;177374;178811;179189;183240;186182;188342;190540;197108;201735;203082;208341;210004;215668;225648;230155;230794;237855;233109;253461;249511;253476;256522;256154;254855;263589;258688;264523;274296;276215;286091;287614;292565;302161;303135;303368;297974;291215;281232;263301;283197;289572;292135;293955;288958;287966;303146;316401;338388;343650;346008;362629;378760;376159;382923;395402;408070;423678;424086;454870;470165;484180;506151;537834;535599;556748;549108;536619;508458;512825;523105;549890;545746;558591;582897;608129;618528;641849;656344;646201;657230;667243;668465;685853;704295;708465;716804;727311;744453;758988;757987;765568;773054;771438;769961;770577;765019;779459;797730;790452;812713;828190;836668;853592;871779;856796;863432;867110;862897;883522;879177;886532;839701;653063;664459;679483
19;    Imports;7519;8203;7663;8347;9624;10036;10456;10124;9604;9364;8936;9092;9501;10229;13033;13685;14866;15178;14310;13990;14958;14630;15250;16342;15795;16447;16307;15507;14780;16184;15304;15460;16169;17097;17421;18109;18925;18973;19253;18541;20100;20270;19762;19634;19455;20075;19739;20823;21396;22544;22868;22504;23288;23455;22879;21742;21658;21899;23326;23870;24314;24884;25111;25550;25185;25890;26704;26764;26978;27726;28429;29285;28457;31679;32030;33948;34990;36240;38171;38829;39432;39020;39543;41652;44399;45416;48240;48170;43804;52671;52365;53126;53517;55204;56431;57888;58651;63296;65482;61939;72173;71409;74090;79190;85360;89468;91139;98669;110315;129382;133610;136552;124888;115245;122055;128730;138938;147116;155848;162680;176433;183042;182904;187391;203282;208840;215062;221815;229828;243097;257306;280466;304311;292600;279202;299200;319726;321963;309900;319445;309478;299115;309282;294861;295251;317949;343381;357972;387978;406501;409591;416359;397308;418571;414168;438867;439418;443990;459432;468628;477685;502337;517318;537511;542714;546098;552849;574314;586154;595389;584427;598152;626767;614759;630102;647282;620317;613921;621669;638270;645823;658951;677853;688536;699310;716281;719251;745049;761827;797560;833751;860559;886899;908343;905843;909201;936735;952751;973757;992620;1027213;1039651;1070888;1085344;1098236;1109626;1109897;1145000;1170088;1218181;1278526;1327653;1406298;1451194;1512125;1515603;1485809;1411134;1362370;1310946;1343308;1419588;1449676;1484002;1513031;1509466;1538871;1595845;1686679;1775782;1819141;1905222;1939353;1986820;2039644;2139854;2190169;2240558;2283479;2259944;2301394;2354048;2397500;2464176;2567171;2668666;2693336;2311399;1910439;1856945;1996556;2149849;2236054;2329133;2400719;2474827;2591745;2686949;2712642;2738489;2779701;2772634;2742618;2744450;2756026;2759598;2765726;2775491;2842227;2894758;2884158;2896305;2823806;2804547;2798194;2743187;2691163;2700166;2755888;2811526;2869919;2892628;2913699;3044128;3096993;3098436;3170329;3186898;3139012;3159388;3137057;3065428;2933016;2333329;2807701;3013807
20;        Goods;5612;6292;5828;6160;7340;7644;7708;7536;7164;6852;6620;6860;7184;7808;10464;10868;11772;12040;10808;10084;10696;10604;10768;11284;10988;11516;11152;10244;9976;11048;10224;10164;11104;11232;11296;12476;13020;12692;12620;12880;13188;13376;13060;13540;12580;12668;12780;13780;14484;15532;15796;15428;15700;15888;15056;14236;14064;14256;15760;16132;16440;16920;17084;17032;16916;17568;18152;18216;18344;19080;19720;20424;19552;22436;22808;24192;24852;25612;27160;27712;27704;26796;27012;29532;32116;33152;35408;35108;30772;39116;38536;38828;39348;40068;41180;42824;43376;47440;49640;45744;55092;54092;57288;61264;66460;70040;72100;78772;88832;106388;110600;112260;100936;92264;98772;104028;113540;121324;128920;134744;147624;153150;153171;156571;170334;175132;179406;184765;192183;204074;216774;238117;259654;248469;234147;252012;270186;271773;260494;268804;257624;245844;257204;241496;242509;262760;285851;299590;322454;337925;339857;345028;325388;344425;340521;362844;357705;365100;374757;382462;389536;409062;422798;437677;441487;445679;451121;470214;481986;490713;477447;489020;510376;495803;506283;519820;496967;491023;500436;514455;523470;537882;553860;564495;575865;590145;592109;612924;627223;662022;695660;722344;745464;764255;759719;760356;784526;798397;814409;832459;861459;871959;898369;910830;920800;926876;922498;952829;978495;1024545;1078343;1123455;1193701;1231222;1282506;1292993;1262561;1186723;1142935;1102872;1118180;1193701;1221634;1243969;1274839;1274159;1284228;1332139;1408498;1488678;1528023;1604186;1636122;1679563;1726245;1819926;1851475;1895554;1939102;1896747;1934685;1977651;2012748;2073562;2160776;2253448;2269610;1893240;1521202;1471013;1603373;1745898;1832522;1920350;1979819;2046567;2168159;2243139;2260676;2290165;2326427;2314188;2282278;2282692;2294534;2293771;2296832;2300351;2364436;2407170;2394520;2400093;2329040;2304443;2291410;2227348;2178530;2187660;2233168;2284962;2334343;2342088;2351425;2479653;2533817;2531823;2596309;2600318;2550884;2556362;2534623;2460669;2377882;1927785;2375198;2553387
21;        Services;1907;1911;1835;2187;2284;2392;2748;2588;2440;2512;2316;2232;2317;2421;2569;2817;3094;3138;3502;3906;4262;4026;4482;5058;4807;4931;5155;5263;4804;5136;5080;5296;5065;5865;6125;5633;5905;6281;6633;5661;6912;6894;6702;6094;6875;7407;6959;7043;6912;7012;7072;7076;7588;7567;7823;7506;7594;7643;7566;7738;7874;7964;8027;8518;8269;8322;8552;8548;8634;8646;8709;8861;8905;9243;9222;9756;10138;10628;11011;11117;11728;12224;12531;12120;12283;12264;12832;13062;13032;13555;13829;14298;14169;15136;15251;15064;15275;15856;15842;16195;17081;17317;16802;17926;18900;19428;19039;19897;21483;22994;23010;24292;23952;22981;23283;24702;25398;25792;26928;27936;28810;29891;29733;30820;32948;33708;35656;37050;37646;39022;40532;42350;44657;44131;45055;47188;49539;50190;49406;50641;51854;53271;52078;53365;52742;55189;57530;58382;65524;68576;69734;71331;71920;74146;73647;76023;81713;78890;84675;86166;88149;93275;94520;99834;101227;100419;101728;104100;104168;104676;106980;109132;116391;118956;123819;127462;123350;122898;121233;123815;122353;121069;123993;124041;123445;126136;127142;132125;134604;135538;138091;138215;141435;144088;146124;148845;152209;154354;159348;160161;165754;167692;172519;174514;177436;182750;187399;192171;191593;193636;200183;204198;212597;219972;229619;222610;223248;224410;219435;208074;225127;225886;228042;240033;238192;235308;254643;263707;278181;287104;291118;301035;303231;307258;313399;319928;338694;345004;344377;363197;366709;376397;384752;390614;406395;415218;423725;418159;389237;385932;393183;403951;403532;408783;420900;428260;423586;443809;451966;448323;453275;458446;460340;461758;461492;465827;468894;475141;477791;487589;489638;496212;494766;500104;506785;515839;512633;512507;522720;526564;535576;550540;562274;564476;563176;566613;574020;586580;588128;603026;602434;604759;555134;405544;432503;460420
22;Government consumption expenditures and gross investment;40274;40138;39361;39534;40875;42884;44660;46603;48585;50381;50356;49910;48956;49643;49746;53713;62033;69821;78046;83314;84998;88987;90931;93418;95764;97925;96622;96747;94831;92534;91148;91356;91869;92533;94099;93331;94848;98247;98279;101345;105342;105842;107405;110062;109843;113624;115093;117992;117195;118535;119492;118608;116951;118380;122419;124330;126218;127254;129961;133516;137107;138426;142052;143562;143724;144132;149927;150989;152554;154314;156033;156152;157025;159808;166761;172619;177032;181659;189466;193621;202588;203811;208379;213293;219749;223637;227370;231347;233705;236859;242535;242838;247889;249143;254584;258708;261905;266118;269783;272067;282228;286464;284316;291749;299571;302709;304189;312593;324586;334957;346710;359228;370138;373408;385394;395571;401291;400985;403517;410818;421202;431362;438014;446749;452589;472288;484229;496241;501818;516508;533106;547775;568781;588547;592169;608893;633350;648673;657774;677727;688104;703093;717344;737351;747852;761061;782216;775099;794021;819132;835720;862769;875592;900527;927363;938584;946803;967519;993597;996385;1008681;1025219;1036195;1056024;1056893;1070421;1078190;1109916;1116559;1145809;1164580;1180500;1212450;1230721;1242584;1268467;1284187;1296577;1306265;1308774;1326421;1334807;1353997;1362775;1351818;1359066;1367411;1381394;1373350;1389392;1423432;1422923;1437596;1452892;1455659;1451575;1471295;1487662;1496733;1515702;1515985;1542541;1555224;1574782;1568029;1603691;1627262;1647452;1669400;1695179;1734512;1782347;1790716;1823116;1832333;1861214;1905413;1946995;1952705;1991988;2038946;2073495;2100432;2141997;2172360;2199425;2221212;2251834;2287338;2321398;2357154;2389668;2426905;2452909;2495099;2529054;2580699;2610894;2630650;2674694;2719157;2770314;2809030;2864876;2909263;2971120;3027545;3020030;3019656;3067595;3088993;3117803;3131884;3164663;3157912;3164129;3155982;3168577;3137494;3131435;3144668;3131040;3139625;3132709;3125038;3131988;3134089;3138519;3137427;3153250;3190944;3190319;3188054;3230559;3249111;3253199;3266365;3283135;3310907;3336728;3361607;3384217;3411104;3471131;3521462;3579974;3631175;3648034;3681467;3737643;3767055;3805331;3834115;3839326;3816639;3835162
23;    Federal;26956;26424;25038;24525;25350;26585;27485;28744;30182;31243;30476;29790;28544;28924;28428;31776;39574;46602;54303;59311;60899;64067;66178;68116;69659;71950;69969;69519;66734;63692;61352;61244;60720;60849;61923;60570;60989;63516;62796;65158;67892;67524;68355;70043;68738;71549;71885;73912;72367;73580;74532;73836;70981;71066;74161;75291;75281;76174;78136;79925;83331;84127;87019;87596;86208;85764;89876;89653;90084;90125;90847;89968;89493;90116;94476;98697;101202;104010;109934;111155;117935;117918;120961;123209;126409;127154;128537;129749;129608;129782;133392;131991;133559;131760;132360;133540;133347;134252;135604;134712;141416;144235;138763;142167;146354;146517;144240;147630;152687;154877;160404;167370;168635;169392;176118;180772;181601;182502;184874;190224;194230;198930;201899;206299;208795;217004;222073;227818;231682;237578;243694;249342;261064;276514;276086;285815;297218;311910;317448;329343;334857;342920;351509;364058;370501;380323;394447;384159;392404;408298;413986;432530;434778;447306;463111;466441;463966;477801;495057;489807;492136;501195;504113;513695;505781;506939;507399;525639;519856;534328;541409;540824;553681;563935;562235;569655;581371;586644;586324;577406;580332;580904;594200;598377;580289;576737;578741;584909;567047;569374;586518;575796;579066;581010;579337;567315;579828;582142;577756;576913;570705;587181;586047;589224;572164;587065;588630;594203;595474;599798;614895;635221;620355;642021;634082;638351;653074;666058;674303;686774;713948;734691;748241;775055;792325;825456;832696;854566;871330;884155;902163;909331;931542;938984;956063;963259;996583;996619;994938;1014626;1017150;1042026;1058287;1084570;1110312;1145505;1168671;1177852;1182968;1210848;1225532;1253408;1275709;1302584;1302262;1311120;1304742;1311836;1287976;1291167;1295621;1288150;1293331;1269058;1240004;1232345;1218396;1215565;1211039;1209042;1228206;1211721;1214892;1219564;1220249;1228464;1229417;1227123;1237803;1244478;1246509;1257907;1262748;1288269;1308077;1329297;1352028;1368395;1388750;1410626;1429281;1447946;1452551;1504782;1487035;1493436
24;        National defense;22790;21105;19985;20410;20685;20555;20716;21593;22461;22753;22546;21602;20890;20950;22696;26061;33539;40264;48081;52874;53490;56979;58675;60506;61306;61975;60964;60290;57326;55214;53215;52038;52356;51867;53076;52152;52758;54943;55090;57042;58831;59639;60667;60626;60841;61977;62633;63429;61137;60290;61398;60956;60024;59522;61963;62094;63393;63357;64961;66462;69164;68916;70445;70278;69388;68896;70846;70880;70383;69375;70153;69002;68031;68163;71157;74979;77480;79135;85613;87657;92232;93499;96659;97745;100462;101515;101469;101980;101262;100860;103448;102700;102837;99604;99914;100486;99478;97839;97432;97231;101361;103310;97727;100456;103436;103355;100495;103255;106194;108827;110321;114235;115068;114248;119996;122592;122920;123427;125164;128298;131586;134126;135347;136574;138730;144166;147310;150519;153738;158616;162687;167308;175177;181961;183794;192687;200158;210235;216164;226930;232589;242237;249191;257601;261538;268573;274538;283571;287855;293927;298336;314936;313912;323695;337653;342744;339119;350780;364250;355289;361483;370996;377779;379281;378436;379824;379017;391126;382083;391481;397241;394108;401891;405694;402230;410213;417916;418707;416103;403436;402466;401666;412354;409372;393179;389160;389600;394644;376415;379934;394277;377830;380103;381884;378242;368407;378552;380806;376132;373556;362792;375804;372335;377030;356631;369316;376634;372430;372226;374897;386565;399328;383028;399592;391017;396642;404456;410022;415419;422750;440905;452478;460190;482157;494975;521930;524011;543967;556149;562839;580699;579825;598417;605982;616390;616960;635719;639956;632375;655208;654605;674082;684421;703947;721214;742246;766263;771619;765428;782914;792801;809117;817507;828047;828900;837429;831587;843030;834975;826319;824076;816010;820214;796401;775346;770922;756980;753634;744314;741823;754077;733458;730261;732091;725882;730757;728219;722280;731471;732756;733244;746227;746384;763002;770205;786786;801960;818432;832971;844251;857701;874696;873780;876454;887708;904405
25;        Nondefense;4166;5319;5053;4115;4666;6030;6769;7150;7720;8490;7930;8188;7654;7973;5732;5715;6035;6338;6222;6437;7409;7088;7503;7610;8353;9975;9004;9229;9408;8478;8137;9206;8364;8982;8847;8417;8231;8574;7706;8116;9061;7885;7688;9417;7897;9572;9252;10483;11230;13290;13134;12880;10957;11544;12198;13197;11888;12817;13175;13464;14167;15211;16573;17318;16820;16868;19030;18773;19702;20750;20694;20967;21462;21953;23319;23718;23722;24875;24321;23498;25703;24419;24302;25465;25947;25639;27068;27769;28346;28922;29944;29291;30723;32156;32446;33054;33869;36412;38171;37481;40055;40925;41036;41711;42918;43162;43746;44374;46492;46050;50083;53136;53566;55144;56123;58180;58681;59075;59710;61926;62644;64804;66552;69725;70065;72837;74763;77299;77944;78962;81006;82034;85887;94553;92291;93128;97060;101675;101284;102413;102269;100683;102318;106457;108964;111750;119909;100588;104549;114371;115650;117593;120866;123611;125458;123697;124847;127021;130807;134518;130653;130199;126334;134415;127345;127115;128382;134513;137773;142847;144168;146716;151790;158241;160005;159442;163455;167937;170221;173970;177866;179237;181846;189004;187111;187576;189141;190265;190631;189440;192241;197966;198963;199125;201095;198908;201276;201336;201624;203356;207913;211377;213712;212194;215533;217749;211996;221772;223248;224902;228330;235892;237327;242429;243065;241709;248618;256037;258883;264023;273044;282214;288051;292898;297350;303526;308685;310599;315181;321316;321464;329506;333126;333002;339673;346299;360864;356664;362563;359418;362544;367943;373866;380624;389098;403258;402408;406233;417540;427934;432732;444290;458202;474538;473363;473691;473155;468806;453001;464848;471545;472140;473117;472657;464658;461424;461416;461931;466726;467219;474129;478262;484630;487473;494367;497707;501198;504843;506331;511722;513265;511680;516364;525267;537872;542512;550068;549964;555780;566375;571579;573250;578771;628328;599326;589031
26;    State and local;13318;13714;14324;15009;15525;16299;17174;17859;18403;19138;19880;20121;20412;20720;21319;21937;22460;23220;23743;24003;24098;24919;24753;25302;26105;25976;26653;27228;28097;28842;29796;30112;31149;31684;32176;32762;33859;34731;35483;36187;37450;38318;39050;40019;41106;42075;43208;44080;44829;44955;44960;44772;45970;47314;48258;49039;50936;51080;51825;53591;53776;54299;55033;55966;57517;58368;60051;61336;62469;64189;65186;66184;67532;69692;72285;73922;75830;77649;79533;82466;84654;85893;87418;90084;93340;96483;98832;101598;104096;107076;109143;110848;114330;117383;122224;125168;128558;131867;134180;137355;140811;142229;145552;149582;153217;156192;159949;164963;171899;180080;186306;191858;201504;204016;209275;214799;219691;218482;218643;220595;226972;232431;236115;240450;243794;255284;262155;268423;270136;278929;289412;298433;307717;312033;316083;323079;336132;336763;340326;348384;353247;360173;365835;373293;377351;380739;387769;390940;401617;410833;421734;430240;440814;453221;464252;472143;482837;489718;498540;506577;516544;524024;532082;542329;551112;563482;570792;584277;596703;611481;623172;639677;658769;666786;680349;698812;702816;709933;719941;731368;746089;753904;759796;764399;771529;782330;788670;796484;806303;820018;836915;847127;858530;871882;876322;884260;891466;905521;918978;938789;945281;955361;969177;985558;995865;1016626;1038633;1053249;1073926;1095380;1119617;1147126;1170361;1181095;1198250;1222863;1252339;1280937;1278402;1305215;1324997;1338803;1352191;1366942;1380035;1373969;1388517;1397267;1416009;1437243;1454991;1480337;1495363;1513925;1539036;1565795;1584116;1614275;1635713;1660068;1702008;1728288;1750743;1780305;1798951;1825615;1858874;1842178;1836687;1856747;1863460;1864396;1856174;1862078;1855649;1853009;1851241;1856741;1849517;1840268;1849047;1842889;1846295;1863651;1885035;1899643;1915693;1922954;1926388;1944208;1962738;1978599;1973162;2010995;2028863;2024736;2036948;2056013;2073104;2092251;2115098;2126310;2148357;2182862;2213385;2250676;2279148;2279638;2292717;2327018;2337774;2357385;2381563;2334544;2329605;2341726
