,pib,c,c_growth,pc,k,k_growth,pk,s,s_growth,ps,sp500_ret_real,TBill_ret_real
1954-01-01,26456.917267421904,6032.108178947996,0.00964597426923941,16.787,612.5753853026581,-0.030678518503507002,53.724,9916.72395168418,0.009418216656301714,10.183,0.05458792475831764,-0.0018412238956434512
1954-04-01,26461.143092105263,6016.150100938131,-0.0026455225165818996,16.842,642.4057279236276,0.04869660671434106,52.375,10086.739194354603,0.017144295182437652,10.203,0.11622441586685772,0.005775557327318825
1954-07-01,26819.123396666437,6092.160953800299,0.012634467489485601,16.775,645.1005512850376,0.004194893109250586,51.516000000000005,10260.63985911359,0.017240523563483823,10.221,0.036534147633609626,0.009413362444616657
1954-10-01,27382.792163310045,6194.585853746183,0.0168125728657893,16.697,684.6431709460119,0.06129683129584307,51.215,10384.607890891379,0.012081900688452718,10.265,0.13727798788077927,0.007692379548501105
1955-01-01,28190.33644987375,6259.10397700048,0.010415244017528691,16.695999999999998,745.8426312215,0.08938884206049291,51.535,10506.538796861378,0.011741503121841301,10.323,0.08200459276261429,0.0016266268312115084
1955-04-01,28607.533084492705,6374.459394521865,0.018430020965503502,16.648,786.0853109853824,0.053955992965935895,51.787,10582.432432432433,0.0072234669322048806,10.36,0.031566457182992336,0.004541485138740642
1955-07-01,28998.44971690483,6417.161716171618,0.00669897147457732,16.665,811.4192807957154,0.032228015784414143,52.28,10691.516956479969,0.01030807659241173,10.409,0.13874683424206102,0.0013015322936249518
1955-10-01,29266.28724472715,6547.343140198138,0.020286449022853148,16.655,790.0379633339057,-0.026350516887942543,52.419,10904.307133989114,0.019902711502522097,10.470999999999998,0.04539802586269248,0.005553469223887442
1956-01-01,29157.008354329664,6621.203953279425,0.011281035910247317,16.695,753.9862027024459,-0.04563294715525301,52.619,11008.35548803646,0.009541950054123616,10.532,0.0013744461425277965,0.002955084779331152
1956-04-01,29296.505517603782,6604.807121661721,-0.0024764124067773174,16.85,755.1202306000151,0.0015040433014616994,52.732,11114.331570996977,0.009626876882354418,10.592,-0.006508632454655827,-0.0010634985641789774
1956-07-01,29313.344594594593,6608.981895132847,0.0006320810576638802,17.012,741.8589000635585,-0.017561879551179826,53.494,11230.970882876136,0.010494496329723546,10.681,0.03940360514010521,-0.004436835161852337
1956-10-01,29732.227029121197,6662.134442946727,0.008042471390793837,17.063,765.7403306761146,0.03219133801658236,54.192,11378.373348222596,0.013124641394200776,10.745999999999999,-0.04529194031750816,0.0018146422008495922
1957-01-01,29990.99846782431,6702.107891527786,0.006000096354011442,17.221,779.7649557003734,0.018315118666762276,54.628,11423.459977867944,0.003962484642182185,10.844000000000001,-0.057096162266518924,-0.0012144786831403964
1957-04-01,29924.242424242424,6727.445997458704,0.0037806174327554842,17.314,761.4249860065363,-0.0235198691089733,55.383,11521.615419917394,0.008592444166620083,10.895,0.07474903319090598,6.617975021083744e-05
1957-07-01,30164.19224962255,6820.950965824665,0.013899029200870938,17.498,756.1847665137781,-0.006882121796713991,55.378,11605.478704040772,0.007278778284719012,10.988,-0.04817198875286666,0.00046330478031308964
1957-10-01,29699.418350115702,6776.639344262296,-0.006496399370760186,17.567999999999998,747.3416717730598,-0.011694357162849722,55.486000000000004,11730.960339687414,0.010812275723098841,11.069,-0.09291475374124214,0.004736027050763925
1958-01-01,28998.325373689757,6715.710443747199,-0.008991020094153979,17.848,697.6200594985125,-0.06653129907313116,56.472,11714.644426508834,-0.0013908420714185965,11.151,-0.02160696670092077,-0.011786497095568449
1958-04-01,29148.838932806324,6776.814673973828,0.00909869934662244,17.882,686.9232820695173,-0.015333242333491204,56.245,11885.61215370867,0.014594359075291718,11.19,0.07682522638869127,0.0019349283547238638
1958-07-01,29932.906167210895,6900.717971729863,0.018283412446246095,17.828,701.1711102409852,0.02074151298023108,56.18600000000001,12050.435865504358,0.013867498759351449,11.242,0.08599692909658674,0.006670461823325313
1958-10-01,30739.95446434066,6995.546033714832,0.013741767504982905,17.737000000000002,726.8424248919372,0.03661205414200408,55.986000000000004,12131.450827653358,0.006722990193318568,11.297,0.10291131814771992,0.011429645837892632
1959-01-01,31256.813866601333,7085.99370503597,0.012929322584002367,17.792,766.2693327247512,0.05424409264315533,56.963,12282.524613220816,0.012453068286201185,11.376,0.05070759327802299,0.0002260736675316899
1959-04-01,31921.63928418738,7144.574928358712,0.008267185346369832,17.797,795.106766233539,0.037633547732160766,57.181000000000004,12466.236258942594,0.014957156733399257,11.462,0.050759831107226594,0.00619443187570079
1959-07-01,31930.547953536465,7172.159122699043,0.003860858709850312,17.873,810.4808381871927,0.019335858536937645,57.17100000000001,12635.12228847982,0.0135474754391951,11.571,0.000942591928471348,0.005545197902177668
1959-10-01,32022.778215302595,7216.332218506131,0.006158967620682798,17.94,771.7600531970742,-0.047775077664668264,57.146,12788.22924698021,0.01211756839425182,11.673,-0.0055195800294557396,0.007768448724259525
1960-01-01,32812.19010763091,7234.44041306168,0.002509334937367713,17.915,796.5896743892608,0.03217272141688099,57.062,12904.392324093817,0.009083593582046356,11.725,-0.04445710631173283,0.010937632772922035
1960-04-01,32601.07248297885,7313.695061796819,0.010955187161683533,18.043,814.7173386672281,0.022756589572750396,56.994,13047.162609211975,0.011063696881843166,11.789000000000001,-0.007091626229259296,0.0023718242890102825
1960-07-01,32731.65756794049,7270.818367685251,-0.0058625214408424275,18.097,808.2013375571981,-0.00799786723661644,56.82,13031.858407079646,-0.0011729908326215677,11.865,0.02001436752735697,0.004414369496991144
1960-10-01,32265.977780432444,7275.839331831418,0.0006905638254535162,18.199,787.891609809418,-0.02512953988565103,56.721000000000004,13157.890323662588,0.00967106245679239,11.925999999999998,-0.03497485571918679,0.00196619670844167
1961-01-01,32515.093664240543,7319.269175902557,0.005969049355053269,18.226,744.5795875198309,-0.054972056752912835,56.73,13287.446683950822,0.00984628668436649,11.957,0.14560313384558077,0.004584716900735586
1961-04-01,33077.9994045847,7417.260622133819,0.01338814625835627,18.099,760.026667602372,0.020746042923355912,56.998000000000005,13480.806062120077,0.014552034169424077,12.009,0.05367290270466163,0.009848282160994426
1961-07-01,33729.29292929293,7423.119347010809,0.0007898771764209833,18.132,778.5811589646861,0.024412947799380857,57.258,13521.962539366818,0.0030529685730282807,12.065999999999999,0.02188425273945116,0.003168357477093764
1961-10-01,34418.8748592092,7523.870040888496,0.013572554766785094,18.098,816.3218913389408,0.04847372934690619,57.187,13762.13271706834,0.017761488171728734,12.116,0.05442122716274955,0.007789858042723807
1962-01-01,35038.813189406006,7586.108206285431,0.008272094687800546,18.169,834.0239531427573,0.021685148948757726,57.195,13890.785262985146,0.009348300046347235,12.187000000000001,-0.024897082697430295,0.003761566632866531
1962-04-01,35315.64705882353,7616.237580282154,0.0039716509674565526,18.217,856.4319265222023,0.026867301946194244,57.269,14099.787685774949,0.015046120059658108,12.245999999999999,-0.1560535765365102,0.004419076154535961
1962-07-01,35741.02112676056,7675.349602412943,0.007761315414296588,18.235,862.6799171554379,0.007295373327110166,57.457,14218.805921587766,0.00844113673661151,12.294,-0.01538691601052622,0.005414732395924382
1962-10-01,35845.67648264153,7718.330605564649,0.005599875624973993,18.33,900.649986021806,0.04401408692991127,57.232,14397.567896230239,0.012572221298208008,12.335,0.05481477217041819,0.004187762354557645
1963-01-01,36217.41916690941,7760.841141860973,0.005507737160892701,18.355999999999998,918.5851528384279,0.01991358140784749,57.25,14461.513635630143,0.0044414264868060105,12.394,0.03368363834105326,0.006039921570653473
1963-04-01,36656.11175785797,7787.272330679463,0.0034057118726376068,18.338,938.2847191989553,0.021445552760847253,57.425,14616.5848950374,0.010723031026655061,12.433,0.10268559375103559,0.007158363953653213
1963-07-01,37469.852898424324,7858.2796513831,0.009118381596068037,18.473,949.8845225484919,0.012362775511722823,57.586999999999996,14870.631612696377,0.017380716458961,12.475999999999999,0.021660016373233892,0.0020365039415271013
1963-10-01,37775.865056900235,7848.676391139924,-0.0012220563112036453,18.51,964.8767483728016,0.01578320887268103,57.768,15074.242424242426,0.013692142798575446,12.54,0.011378895594401417,0.006241356968172518
1964-01-01,38548.68784530387,7982.976209655765,0.01711114228985755,18.621,1002.4718246560188,0.03896360477814276,57.852,15313.516945789348,0.015873071084628432,12.599,0.05351869215113392,0.0039521112074325515
1964-04-01,38943.82280369542,8135.306440350218,0.01908188458712967,18.617,1028.6761908056314,0.02613975326299478,57.818000000000005,15528.31529894953,0.014026716000026695,12.661,0.02778471357543033,0.00889639210044324
1964-07-01,39515.274367612634,8294.16805012585,0.019527427877541026,18.673,1062.7120991758432,0.03308709647839292,57.756,15735.24094017766,0.013325698071195768,12.720999999999998,0.02392921210835608,0.006759232555845207
1964-10-01,39647.43006595406,8309.776521414475,0.0018818609888651139,18.749000000000002,1030.1174511198626,-0.030671193149356624,57.641000000000005,15952.645585472761,0.013816416673988696,12.776,0.01422666117689042,0.006674130982918802
1965-01-01,40633.455986413814,8388.812081250666,0.009511153474767386,18.805999999999997,1126.0190806591502,0.0930977622357827,57.65,16135.531135531137,0.011464277136885803,12.831,0.041969671073539105,0.007348046963349786
1965-04-01,41144.47512255592,8468.605141171513,0.009511842576517715,18.984,1127.8580128762833,0.001633127047950822,57.47,16378.705571938539,0.015070742596871911,12.886,0.0110058834883342,0.003737415862982374
1965-07-01,42030.68207314337,8595.40025146689,0.014972372448792237,19.088,1166.4101846670399,0.03418175989408456,57.184,16602.455219271156,0.013661009189637419,12.952,-0.019914390113385028,0.007026844162658641
1965-10-01,43012.37113402062,8914.588887146516,0.03713481936168739,19.131,1215.5304295837802,0.042112325117224625,56.869,16883.918981126284,0.016953140854035986,13.034,0.0496730767390865,0.010265834303347487
1966-01-01,44075.2187880802,8979.471838250465,0.007278288648565834,19.387999999999998,1273.2555068406318,0.04748961922460282,56.793,17059.09264201296,0.010375177770190369,13.115,-0.024632510142354236,0.002191552081258985
1966-04-01,44186.024810626855,9064.954991816694,0.009519842047066795,19.552,1222.38196258569,-0.03995548731705545,57.037,17244.427653947867,0.010864294826470555,13.235,-0.05088664391666642,0.003942953644610059
1966-07-01,44598.8682119926,9130.478947635736,0.007228271500321126,19.689,1262.4238510010648,0.03275726380212185,57.288999999999994,17386.59678023212,0.008244351690716023,13.355,-0.10318990392320548,0.006054033076231757
1966-10-01,44975.28065630398,9105.28972339996,-0.0027588064525683187,19.812,1261.9242063561014,-0.0003957820066272655,57.551,17576.746255375947,0.0109365551837044,13.485999999999999,0.02470856890183626,0.006934519702720632
1967-01-01,45373.28675087342,9207.603372545058,0.011236726370404293,19.807000000000002,1238.020615684636,-0.018942176202871086,57.431999999999995,17737.590219472677,0.00915095215916506,13.578,0.09578811744247973,0.011904629471635175
1967-04-01,45358.92504140621,9276.187115636656,0.007448598763072134,19.838,1291.2246030095,0.04297504149027587,57.684,17909.848651019962,0.009711490084948204,13.677,0.026635094185792685,0.00660249358915399
1967-07-01,45815.885623510716,9267.534670258407,-0.0009327588232522777,20.046,1280.8470507544582,-0.008036984604269826,58.32,18154.454439930352,0.013657613399008728,13.784,0.027310572824025714,-5.313157502950805e-05
1967-10-01,46163.140253482765,9308.95396660225,0.004469289602634818,20.180999999999997,1284.0482778522808,0.0024993047342669605,58.909,18305.763150330557,0.008334522576861625,13.915999999999999,0.0010607315567263687,0.003954445640192983
1968-01-01,47113.6151694125,9491.662579695929,0.019627190525292493,20.39,1363.7651582870924,0.06208246357227876,59.291000000000004,18594.462193823216,0.015770937333877022,14.085,-0.0656703963159434,0.0031236822689317822
1968-04-01,47868.4358829858,9608.366127386678,0.012295374673389148,20.583000000000002,1392.811640850265,0.021298742226011358,59.652,18883.190683316963,0.0155276601433334,14.254000000000001,0.11262900120049157,0.004971996493583486
1968-07-01,48250.53283263981,9761.357074109721,0.01592268078617165,20.78,1455.4689188515188,0.04498618202458715,60.148999999999994,19123.10146334697,0.012704991653871511,14.419,-0.015768692016036256,0.0035082781118798145
1968-10-01,48449.94994994995,9763.632899938086,0.00023314645812932966,20.997,1446.9340011203005,-0.005864032972928701,60.698,19332.87652459915,0.010969719616572116,14.594000000000001,0.0777900269148446,0.0036228022713060692
1969-01-01,49223.83548067394,9872.080930320506,0.01110734410990677,21.154,1474.3333551726398,0.018936146383404573,61.052,19501.962642122362,0.008746040316766512,14.776,-0.09639755641399061,0.007848498543631122
1969-04-01,49350.484202288964,9893.98107137862,0.0022183915643205765,21.449,1470.4600877906032,-0.0026271313529245832,61.51,19743.122329059832,0.012365918823810551,14.975999999999999,0.03394294137618492,0.0031140988296449734
1969-07-01,49667.55075468969,9931.395990435902,0.0037815838525825374,21.748,1466.377580739111,-0.002776346726708012,61.803999999999995,19903.123764333726,0.008104160659450965,15.174000000000001,-0.08220355424286319,0.0057997863640335545
1969-10-01,49442.634662094584,9997.907093134356,0.006697054750661957,21.979,1460.866768513307,-0.0037581127113428536,62.185,20150.67602704108,0.01243785978716394,15.384,-0.03328983194269053,0.008516598941082476
1970-01-01,49384.572019167535,10083.277186363022,0.008538796413430472,22.263,1438.5635394593205,-0.015267120544253387,62.292,20368.778860954335,0.010823598851997351,15.592,-0.04684583507652473,0.007836830787340876
1970-04-01,49431.52873616449,10076.861489191353,-0.0006362710310439113,22.482,1455.2577715236023,0.011604792980194789,62.536,20494.3706514864,0.006165896904738677,15.81,-0.13934292767766676,0.008042313773063636
1970-07-01,49887.87322002756,10149.60455971369,0.0072188221104718675,22.633000000000003,1460.5847990348593,0.003660538782541467,62.996,20726.914906909908,0.011346738056903671,16.006,0.03278389860414643,0.008461632669518826
1970-10-01,49358.78485604171,10268.228596452813,0.011687552558448555,22.835,1363.5000936855913,-0.06646974924935589,64.044,20832.47137052087,0.005092724319323283,16.242,0.06862937587299833,0.0019440001067940749
1971-01-01,50701.50520344813,10310.772997551592,0.004143304826060845,22.872,1509.6303367153698,0.10717288814757842,64.95100000000001,20977.279630642126,0.006951084081467496,16.461,0.10312413468235437,0.0041117282332794325
1971-04-01,50961.74357618229,10334.126606377915,0.002264971678832328,23.111,1543.8674269640592,0.022679121779694666,65.413,21188.56046525571,0.010071889126412659,16.679000000000002,0.023235921517759994,0.0009427399317194496
1971-07-01,51388.70707335167,10312.872646163083,-0.0020566769717834665,23.313000000000002,1584.8807991665135,0.026565345887959557,65.268,21387.80819487968,0.00940355197563747,16.913,-0.016634248581042343,0.006811781203602596
1971-10-01,51512.3988401783,10382.533458358197,0.0067547437639532415,23.462,1652.5287993593297,0.0426833363293897,64.932,21722.29381443299,0.01563907888576388,17.072,-0.03938757631094325,0.007506112217461114
1972-01-01,52415.410171224124,10415.718020069144,0.0031961911650988384,23.718000000000004,1690.3438587919134,0.022883146997041193,65.492,22088.538648742615,0.016860320435693632,17.258,0.11349437064029533,-0.0016126984518874954
1972-04-01,53611.99779856907,10697.093341185377,0.027014491038839017,23.773000000000003,1732.7884790666585,0.025110050865674305,65.828,22356.09195402299,0.012112766242035056,17.4,0.018559664690079636,0.006096004825751233
1972-07-01,54145.83595552758,10844.514864695826,0.01378145621510618,23.983,1777.2655824919896,0.0256679357940377,66.164,22657.95913721473,0.013502681229463187,17.570999999999998,0.00879387859544245,0.002612253395310571
1972-10-01,55129.80709396391,11049.795952017808,0.018929485540222002,24.259,1871.300339640951,0.052909794729221415,65.952,23063.377502114465,0.01789297802350842,17.735,0.04538985592455691,0.004963930024860952
1973-01-01,56426.75733245945,11117.407272874038,0.006118784559445478,24.776999999999997,1990.36617591544,0.06362732574362395,66.225,23359.559358049544,0.012842085072228615,17.883,-0.06879511425439044,-0.0019557805975815024
1973-04-01,56974.814635718896,11024.369221125215,-0.008368682505302427,25.524,1967.0841698378927,-0.011697348135872088,66.74600000000001,23558.55955068554,0.008519004557653309,18.160999999999998,-0.08521934436965217,-0.006806380820479241
1973-07-01,56695.84816132859,11076.911320826806,0.004765996008271323,26.173000000000002,1950.0268352316773,-0.008671380141105578,67.07600000000001,23713.80635384532,0.006589825783948067,18.477,-0.013153043177473678,0.0012213115964567756
1973-10-01,57380.63588308457,11033.990659055526,-0.0038747860778285403,26.978,1905.2013672165253,-0.022987103154314514,67.29,23799.989375265617,0.0036342972584963995,18.824,-0.12109249270072375,-0.003935310415088322
1974-01-01,56810.1261000419,10886.989319327435,-0.013322590554075586,28.369,1861.5438885296019,-0.022914889438015895,68.036,23755.24439123419,-0.001880042185141817,19.211,-0.021218239514033344,-0.02002453074088195
1974-04-01,57023.55396541444,10815.065465056963,-0.0066064044118043785,29.405,1871.9430029530665,0.005586284850731538,69.758,23992.98245614035,0.010007813895355433,19.665,-0.09732302382567204,-0.013013723750773698
1974-07-01,56402.111428468124,10838.057751463632,0.0021259498133372468,30.233,1882.5121520106054,0.005646084865225998,72.416,24119.48310139165,0.005272401856773801,20.12,-0.2323840804832652,-0.010863649678359844
1974-10-01,56133.02687907923,10643.208645588757,-0.0179782310025578,31.090999999999998,1702.5709694697373,-0.0955856685167652,74.68,24366.404046299,0.010237406161208495,20.561999999999998,-0.061589502268213914,-0.010980438022275552
1975-01-01,55456.59186054492,10661.69848417581,0.0017372428938255968,31.534000000000002,1737.4686882003957,0.02049707140344781,75.85,24594.464786723096,0.009359638787518776,21.029,0.20140964558566266,-0.0005343815265883567
1975-04-01,55871.90935227465,10896.735867538788,0.02204502253668328,31.647,1770.300722666874,0.01889647548151463,77.214,24888.47827103897,0.011954457511699657,21.377,0.10655771910853207,0.005546298457384413
1975-07-01,56829.195333532756,11002.503631811578,0.009706371298571215,32.353,1880.4268456719742,0.06220757953439704,78.061,25006.430277420543,0.004739221301401253,21.772,-0.0939211136707424,-0.0034877976022451573
1975-10-01,57594.99836547892,10975.921630859375,-0.0024159956535116933,32.768,1935.277122418339,0.029169056415360828,79.26100000000001,25365.822898837945,0.01437200821669915,22.201999999999998,0.04653151790661214,0.00025408347667021935
1976-01-01,58867.80921584478,11198.90277354465,0.02031548239724601,32.81,2032.8017826243915,0.050393124104203046,80.331,25661.231723526806,0.01164593894181909,22.57,0.09776075194828882,0.0071613212937495785
1976-04-01,59306.8869464989,11371.311875152402,0.015395178000387366,32.808,2042.4997537673596,0.0047707411641717545,81.22399999999999,25831.991951710264,0.0066544049803698435,22.862,-0.005004325692092082,0.009305439241830138
1976-07-01,59640.80677794639,11458.574181117534,0.0076738996276946025,33.216,2066.06493364312,0.01153742115870271,82.20700000000001,26144.35515062959,0.012092106543825754,23.269000000000002,0.029469557405418678,0.00029955386368563097
1976-10-01,60128.477727004254,11579.249264421791,0.010531422269196122,33.647,2098.8193356220913,0.015853520112368846,83.59700000000001,26502.68260740991,0.013705729390372401,23.671,-0.028876609164793177,-0.002708939854367043
1977-01-01,60835.38805102634,11571.624540307046,-0.0006584817323324055,34.262,2177.8580309040317,0.03765864643061967,84.455,26829.040006626354,0.012314126990495389,24.146,-0.033149048552224114,-0.004369650496352406
1977-04-01,61915.64523415149,11570.433636181251,-0.00010291589756017405,34.891,2229.1951368927007,0.023572292252382887,84.884,26928.23782642245,0.003697404743948862,24.623,-0.050485886748925735,-0.0022266316350290083
1977-07-01,62933.66407224764,11627.634527557939,0.004943711979628729,35.253,2261.8753352144204,0.014660088648530412,85.766,27215.61204972904,0.010671854027693328,25.096,-0.0113114540566438,0.0030460907801732606
1977-10-01,63236.52300949598,11877.30267769522,0.02147196401345064,35.665,2309.248222380744,0.02094407522324082,86.914,27473.585127662078,0.009478863729452947,25.497,-0.03392969264724688,0.0026598573164253736
1978-01-01,63323.17599034094,11927.863862755949,0.004256958539557987,36.14,2247.8221415607986,-0.026600033822530178,88.16,27902.028717711826,0.015594746301179407,25.976999999999997,-0.0915935280602822,0.0019426413836867162
1978-04-01,65716.82638105976,12019.347168179853,0.007669714080955847,37.008,2415.3892563460854,0.07454642949149659,89.50399999999999,28320.72765700483,0.0150060392930218,26.496,0.09335562812989728,-0.0052608835933162235
1978-07-01,66333.93341826843,12112.076986468885,0.007715046166111739,37.617,2382.962816368714,-0.013424933431402719,90.954,28524.80640260847,0.007205985244279622,26.989,0.0478916178906148,0.0013992351067169118
1978-10-01,67273.66305440126,12268.146057136883,0.01288540940107552,38.259,2402.0379054740342,0.008004778326498485,92.546,28675.296851737534,0.005275774601411598,27.539,-0.0870742355462566,0.0034871924540986754
1979-01-01,67363.69211080599,12321.755492270137,0.004369807376239043,39.328,2374.0603302533787,-0.01164743285561698,94.04899999999999,28975.044754744,0.010453175238473777,27.93,-0.017304138831186866,-0.0014361869832317797
1979-04-01,67457.55343243173,12298.140770252325,-0.0019165062991735038,40.662,2320.707598428488,-0.022473199667675026,95.704,29154.063579579164,0.006178379579753868,28.656999999999996,-0.005224468018870665,-0.0059845626642950345
1979-07-01,68024.09792171362,12443.054860763716,0.01178341451920284,41.979,2385.611867523398,0.0279674480054537,96.802,29263.428766189503,0.0037512844928739852,29.34,0.055984266910199976,-0.0025895744190522763
1979-10-01,68216.45379413974,12509.868497344436,0.005369552519727483,43.117,2324.285105432996,-0.025706932014078143,98.546,29507.072253469567,0.008325869440205969,30.046999999999997,-0.03842361736999267,0.0038995996843502745
1980-01-01,68371.77727673757,12505.773310999442,-0.00032735646628601067,44.775,2287.7212007689654,-0.015731247676355475,101.435,29555.227272727272,0.00163198228695971,30.8,0.02626220379525912,-0.003860876123915058
1980-04-01,66968.7582293936,12337.344669718772,-0.013468070873516425,45.87,2040.999711066166,-0.10784596025943627,103.83,29368.2709673331,-0.006325659541339013,31.561,-0.03877045054137107,-0.0009916226589676835
1980-07-01,66891.85771491464,12307.572425866229,-0.0024131808464116222,46.841,2131.6566088420573,0.04441788858879092,105.72200000000001,29707.80444115013,0.01156123471465853,32.379,0.0948522006493635,0.0016692305617118652
1980-10-01,68108.97684498689,12355.289004053997,0.0038770097413756144,47.854,2196.793572265516,0.0305569683002751,107.53399999999999,30163.79362123851,0.015349137664874446,33.298,0.08671117515127724,0.01177287986285891
1981-01-01,69431.42876191746,12463.343346594138,0.00874559409372666,49.268,2259.3640095132273,0.028482620323394103,108.90100000000001,29993.069364837993,-0.00565990665976146,34.196,-0.06109858891423936,0.009155301062964805
1981-04-01,68987.65324375028,12517.816588620697,0.00437067651204881,49.757,2171.5140645138035,-0.038882599098474024,110.95299999999999,30199.18035135987,0.00687195378421368,34.893,-0.009301636553725401,0.02258170583977659
1981-07-01,69771.01833821923,12545.155436798343,0.0021839949470499054,50.148999999999994,2237.4638080181894,0.030370396665679422,112.594,30204.918952268774,0.00019002505505572032,35.658,-0.07995974510509785,0.025589514350208065
1981-10-01,69062.582886012,12593.39527328196,0.0038452960369161904,50.479,2076.4860599684375,-0.0719465260054134,114.06,30267.847823101223,0.002083398102537215,36.405,0.016511995594982176,0.019680623595798696
1982-01-01,67951.31365956916,12616.910517805734,0.0018672680411822018,50.714,2142.5938323233554,0.03183636703822734,115.01899999999999,30424.374848264142,0.005171395933986966,37.071,-0.1065094438474371,0.02469551869468134
1982-04-01,68241.75644124032,12595.314626018022,-0.0017116624356838805,50.711000000000006,2150.0940352330176,0.0035005248295376656,115.914,30592.811985337088,0.005536256304788267,37.646,-0.016476664036897404,0.027538369944702046
1982-07-01,68001.01001939237,12649.06064440767,0.004267143774132176,51.365,2167.2082387731243,0.007959746531854384,116.32799999999999,30828.520090622642,0.007704689107968399,38.400999999999996,0.048049319591854545,0.01209423203778437
1982-10-01,68044.41555844415,12778.534459275403,0.010235844266030636,51.394,2265.940942013457,0.04555755255721361,116.665,31304.878048780483,0.015451859406729662,39.114000000000004,0.17167233487588573,0.01794333449155472
1983-01-01,68911.45544004445,12819.320598622464,0.003191769719528059,51.251000000000005,2288.637156693362,0.0100162428151096,117.49700000000001,31722.314632793987,0.013334553910832492,39.678000000000004,0.08757940453510527,0.01961175810102178
1983-04-01,70480.28673835125,12969.938141945928,0.011749260981869014,51.893,2455.47509624027,0.07289837930795295,117.934,32154.876433693997,0.013635883948166727,40.019,0.06676419722161664,0.010370076475453738
1983-07-01,71888.59659378775,13167.259582281387,0.015213753386942086,52.284,2549.878140311522,0.03844593830977905,118.579,32629.489603024573,0.01476022370383756,40.733000000000004,0.003402941294424533,0.015116306745833308
1983-10-01,73395.72937217129,13328.01377726751,0.012208629592329379,52.26,2675.8131699590167,0.049388646326490315,119.31700000000001,32966.51601302425,0.010328890034750682,41.153999999999996,0.012137439538825845,0.01967325830019573
1984-01-01,74849.72803187008,13362.405190187066,0.0025803854568500206,52.869,2777.010666018718,0.0378193429929381,119.351,33113.49950819279,0.00445856926799526,41.683,-0.05741532216246936,0.014063808283284907
1984-04-01,76110.95081718266,13654.94688291558,0.02189289192811983,52.902,2841.706011174673,0.02329675789423824,120.09299999999999,33374.288077513884,0.007875596756439673,42.315,-0.033622267086721225,0.021184874545513432
1984-07-01,76833.71898338884,13665.660775918976,0.0007846162343407848,53.021,2842.7836550847246,0.00037922427788572577,120.331,33793.81058040407,0.01257023076914221,42.815,0.07361917810168972,0.022628729530878466
1984-10-01,77502.44731729188,13770.45514338332,0.007668444957232401,53.214,2935.164908089455,0.032496758182597896,120.552,34164.968270878686,0.010983007956191893,43.178000000000004,-0.015497151139704957,0.018273302366478505
1985-01-01,78226.34810267031,13854.343566296538,0.006091913596155019,53.585,3037.213409702392,0.03476755303652146,121.166,34784.559611482255,0.01813528218996452,43.858999999999995,0.11822092415104035,0.013387529700346068
1985-04-01,78955.93425987205,13961.977186311788,0.007768944049943327,53.915,3073.3653363195467,0.011902991900953452,121.447,35104.336838304975,0.009193079642070945,44.318000000000005,0.028202198915956878,0.013212177485054877
1985-07-01,80113.46494512117,14077.059770838347,0.008242570732702958,54.023,3269.941686393217,0.06396126999632168,121.241,35577.42682763844,0.013476682140801444,44.894,-0.008207167456601105,0.016541422829245978
1985-10-01,80740.05305039788,14202.846648301193,0.008935593050718005,54.45,3157.0235695775573,-0.034532150003020234,121.555,35862.3029820722,0.008007216368229653,45.236999999999995,0.06029707632198522,0.011248523972854363
1986-01-01,81497.9118832824,14383.712344949792,0.012734468034985902,54.176,3221.0853580299713,0.020291830909892727,121.58200000000001,36011.22102143978,0.004152495154648106,45.896,0.12821072856329363,0.02016389964663179
1986-04-01,81887.68984092097,14512.262920031011,0.008937232057922406,52.883,3334.5695993188256,0.03523167773432179,122.14200000000001,36229.753673292995,0.006068459931506176,46.28,0.10274844215686274,0.02967861692485063
1986-07-01,82617.65075038999,14542.474537910222,0.0020817992373547423,53.02,3618.867832610708,0.0852578495737375,123.162,36533.50521001181,0.00838403538312571,46.545,0.009527674398978725,0.008876097696551843
1986-10-01,83020.69444939574,14660.625564588978,0.008124547605069088,53.136,3561.5452930728243,-0.01583990965940585,123.86,36934.43042291951,0.01097417865061101,46.912,-0.0013228156848729133,0.00962143818359773
1987-01-01,83686.10771439204,14679.074391119455,0.0012583928597862393,54.321000000000005,3350.549221802344,-0.059242843740009654,124.904,37533.36872279435,0.01621625927398007,47.095,0.11690614903479601,-0.0037437243082673044
1987-04-01,84600.598486182,14790.797188535635,0.0076110246763085865,54.918,3488.195294005497,0.04108164455769714,125.882,37903.82835506942,0.009870140754247858,47.54,0.014087832026642655,0.0038898545135379603
1987-07-01,85322.71869759641,14802.33040529572,0.000779756264187359,55.441,3632.513822831137,0.0413734084997055,126.78299999999999,38241.382901176716,0.008905552836120156,48.015,0.10622238395022232,0.006035211925779604
1987-10-01,86826.7623704012,14820.05090700509,0.0011971426947090524,55.788000000000004,3534.5839323168293,-0.026959261627250264,127.29899999999999,38615.939341492565,0.009794531784684146,48.534,-0.28653350661194477,0.008831961575615388
1988-01-01,87285.32103778131,14979.756289308176,0.01077630456907519,55.968,3701.9995750607895,0.04736502115942787,127.07700000000001,39141.682440821474,0.013614665557649674,49.131,0.15010015158376522,0.012497531141911544
1988-04-01,88410.26165167622,15098.618457129714,0.007934853246335916,56.531000000000006,3703.3909579671467,0.00037584631714460137,127.781,39487.83183617693,0.008843498127061755,49.761,-0.010336701328182762,0.006702775150460694
1988-07-01,88902.19275364757,15202.660707426936,0.006890845714966121,57.278,3655.1817920445096,-0.013017574020621314,128.691,40080.38955114346,0.015006083834252504,50.417,-0.041859089736867916,0.005990499269869387
1988-10-01,90036.83508420877,15361.115443941837,0.010422829237877407,57.699,3749.890086157026,0.02591069322971795,129.64700000000002,40418.20533929201,0.00842845570943096,51.018,0.04701206093923638,0.011332054289652449
1989-01-01,91024.37775612334,15430.679273025698,0.004528566257946842,58.489,3733.200822691552,-0.004450600706160324,130.304,40694.80758429686,0.006843506352716577,51.633,0.04254680537407296,0.009962561805673564
1989-04-01,91703.91490474167,15454.498509103629,0.0015436284855954163,60.031000000000006,3783.022774327122,0.013345639305749835,130.41,40859.737522751224,0.004052849693728655,52.195,0.10225579696205989,0.00293456637595213
1989-07-01,92373.24834565978,15609.743085310347,0.010045267797934132,59.981,3868.6028629794264,0.022622144712709513,130.703,41128.538899430736,0.00657863689236482,52.7,0.09840624884227878,0.018853011926036833
1989-10-01,92582.38961290011,15787.484027282233,0.011386538586861894,60.25899999999999,3751.0676265137417,-0.03038183050279919,131.132,41516.612512442945,0.009435628480776836,53.243,-0.012876361533412428,0.014373488968532744
1990-01-01,93584.38640383727,15767.654532800285,-0.0012560262577419046,61.783,3909.564663313838,0.04225384679278732,131.829,41730.984817550765,0.005163530744315192,53.878,-0.06813282702320012,0.0004893900290574571
1990-04-01,93925.26987629029,15785.583236770954,0.0011370558590926283,62.136,3780.335553162118,-0.03305460358908163,131.842,42237.09053580921,0.012127816308940664,54.553000000000004,0.08730262567015146,0.014989953363935937
1990-07-01,93980.31373039186,15811.386778474827,0.001634627071856798,63.442,3742.001516300227,-0.010140379424738,131.9,42575.21242096491,0.008005330880190176,55.196999999999996,-0.12272896618233065,0.004015009987320406
1990-10-01,93106.7402663855,15652.45982238884,-0.010051424224366334,65.086,3638.934075828308,-0.027543398906428984,132.167,42473.716304679234,-0.0023839250708165283,55.757,-0.014732507610756618,-0.0010714566987973795
1991-01-01,92677.79484029484,15659.40428948628,0.00044366618258329105,64.763,3538.6202343621057,-0.027566820221487043,133.298,42442.33708983611,-0.0007387913649474775,56.258,0.14377007830080846,0.01536435665504543
1991-04-01,93412.950342283,15750.963465392322,0.005846913088993766,64.87,3556.367065021365,0.005015183739392803,133.63299999999998,42864.76855771944,0.009953068017653832,56.688,0.04541795541469762,0.01162364055461329
1991-07-01,93898.45972281063,15777.11038210969,0.0016600201489145316,64.929,3610.998449242515,0.01536157073280675,134.128,43050.25503074343,0.004327247743661999,57.248000000000005,0.008698116356113728,0.01134055473450779
1991-10-01,94237.61959203321,15641.218566590556,-0.008613225884077425,65.257,3552.0771336745624,-0.016317181077802112,134.416,43306.047912483555,0.005941727442902556,57.772,-0.03141601302469821,0.007024009054792835
1992-01-01,95337.36871282382,15873.764723879454,0.014867521753427315,65.37,3691.540807975597,0.03926256921024729,134.41,44014.88569909622,0.01636810147268908,58.31100000000001,0.08015506390391258,0.008438352450127917
1992-04-01,96375.73166917382,15940.604307785983,0.004210695135602016,65.695,3717.1698435192943,0.006942639097561987,134.77700000000002,44357.26315431332,0.007778674186676993,58.783,0.007485787666032806,0.00481387606868533
1992-07-01,97338.3682665797,16035.681900616612,0.00596449111933528,66.168,3796.4236996619416,0.02132102095921784,134.888,44826.67815276511,0.010582596063665184,59.202,-0.008014832841441888,0.0024916012516016384
1992-10-01,98338.21040081252,16196.654611211574,0.01003840757085439,66.36,3871.7088949585122,0.01983055666396627,135.099,45325.487243831034,0.011127505129111537,59.775,0.03283304886337901,0.005134255974079016
1993-01-01,98468.84008135671,16213.362781333572,0.0010315815532937478,66.558,3909.1461156779974,0.009669430666193302,135.03,45498.846989730744,0.0038247740165948674,60.277,0.024222166851542326,0.005506148392915744
1993-04-01,99047.75689514722,16342.610422433507,0.007971673911394639,66.472,4035.9063517555355,0.03242657918801095,135.74200000000002,45728.559697815734,0.005048758886941451,60.89,0.02585416228161841,0.006473209227688681
1993-07-01,99612.06559654938,16504.19203287158,0.009887135914117495,66.197,4080.833999252216,0.011131984635158299,136.403,46259.543602281985,0.011611647250101553,61.35,0.02169365435858217,0.008559508365396873
1993-10-01,100924.35427009137,16618.677452336564,0.00693674790240939,66.508,4179.018819553691,0.024059988796277132,137.304,46559.06608985888,0.006474825825175667,61.718999999999994,-0.0080319195660018,0.0021975138086947066
1994-01-01,101869.00688608609,16840.49819810311,0.013347677419141224,66.319,4278.591203377391,0.023826737357055983,137.621,46942.53650839653,0.008236213711794615,62.108999999999995,0.006585949373324018,0.009120083857319106
1994-04-01,103256.16949732133,16973.51870241642,0.007898846147454952,66.462,4324.7063752329495,0.010778120569022054,138.442,47277.361990660786,0.007132667025872452,62.532,-0.018091941623975427,0.006338957841096837
1994-07-01,103901.40026644745,17119.597915115413,0.008606301101149905,67.15,4370.382590483295,0.010561691658866668,139.418,47592.75744762026,0.006671172918272683,62.906000000000006,0.024532683823933477,0.0018008286950939034
1994-10-01,105075.09302063366,17301.547158583755,0.010628125985814973,67.22,4524.188004811823,0.0351926658923285,139.656,47874.95460215699,0.005929413836702313,63.32899999999999,-0.052459064968055635,0.011655616410402247
1995-01-01,105419.15185828801,17364.157204720308,0.0036187541820784652,67.199,4430.741580726603,-0.02065484988374311,140.214,48205.10850476668,0.0068961716069138035,63.776,0.08054085253949972,0.01285341504344828
1995-04-01,105723.32859174964,17449.725722757597,0.004927882017448537,67.45,4476.006882715388,0.010216190938709957,140.061,48684.17695921352,0.009938126254802837,64.286,0.09625706217809404,0.011614892647787256
1995-07-01,106670.06816888112,17511.77619315324,0.0035559567744218867,67.594,4602.41386720149,0.028241016557466914,139.61,49039.696402899935,0.0073025665810118046,64.691,0.05661151845628076,0.012896236885405088
1995-10-01,107405.11559136069,17601.935007385524,0.005148467707549509,67.7,4682.282842785355,0.017353714352601246,139.3,49312.33974605027,0.005559645820609305,65.131,0.07625241932982618,0.012655016224330407
1996-01-01,108232.02200825309,17715.236437566735,0.006436873567233992,68.369,4733.151608622359,0.01086409504615582,139.405,49801.640897146004,0.009922489048695526,65.452,0.05458023913677934,0.005410936589641979
1996-04-01,110043.42644218255,17942.51925192519,0.012829792882497637,69.084,4883.757202894156,0.03181930492094098,138.486,50087.54565985116,0.005740870331875758,65.977,0.03162710315776307,0.007877368822428066
1996-07-01,110854.61882429926,18070.26572534466,0.0071197623714831515,68.98100000000001,4918.602714932127,0.007134980423949333,138.125,50360.45899568376,0.005448726469569509,66.493,-0.017554615041672328,0.014429500185342947
1996-10-01,112130.69153702045,18216.727471201633,0.00810512407969477,69.622,5014.586226704574,0.01951438596190247,137.52700000000002,50641.257812849624,0.005575779545415438,67.03699999999999,0.15042351237589058,0.007711609917086637
1997-01-01,113021.06984538869,18326.947838278636,0.006050503157125631,69.898,5150.412052818674,0.027086148282938316,136.997,51091.00477334045,0.008881038503287586,67.458,0.049998420747616956,0.011241601538095614
1997-04-01,114560.38783771062,18335.390178802052,0.00046065174615605997,69.686,5134.156857831466,-0.0031560960211546307,135.67700000000002,51475.84420172521,0.007532430221172115,67.934,0.06996475786693934,0.017887561504599025
1997-07-01,116153.21596653303,18629.040364153298,0.01601548603480185,69.641,5363.174961229382,0.04460676012431897,134.767,52090.84655465137,0.011947397123125647,68.324,0.09906487075342607,0.015257202534653791
1997-10-01,117116.11532706284,18759.26616558609,0.006990472879288889,69.71600000000001,5500.544711079275,0.025613512675410455,134.016,52662.91676975244,0.010982163910522758,68.71300000000001,0.052285275177356816,0.013848497094736345
1998-01-01,118339.65084619082,18893.838835147995,0.0071736638509227735,69.15899999999999,5545.339056310183,0.00814361987471579,133.031,53270.76089476124,0.011542165954581574,69.024,0.08322344811751381,0.02031038396247542
1998-04-01,119406.52830841731,19123.25055779317,0.012142144571404057,69.02199999999999,5825.8834577924545,0.05059102764203982,132.03799999999998,53960.53219552275,0.012948403386318974,69.373,0.04546967184477446,0.0162437334507477
1998-07-01,120953.41466648986,19261.471861471862,0.007227918876080652,69.3,5991.3759549412725,0.02840642081974054,131.029,54603.8726333907,0.011922425737701303,69.72,-0.08839182394828904,0.012153583771657761
1998-10-01,122915.25266819198,19523.98789799741,0.013629074580258305,69.41,6344.972088517077,0.059017517217256676,130.054,54907.87539776538,0.005567421314889964,70.079,0.1841652347507674,0.012255017771098942
1999-01-01,124141.68391357652,19885.492347012034,0.018515912369096776,69.646,6358.108265289506,0.002070328535597854,128.961,55357.91387342347,0.008196246392669693,70.408,0.05286935256299019,0.011874534231662848
1999-04-01,125005.27628297677,20073.14415115703,0.009436618458843027,70.655,6661.562200453558,0.047727078952191304,128.319,55881.61187698834,0.009460219269864512,70.725,0.039521193282578526,0.0037224196500524886
1999-07-01,126606.54880217597,20165.390055032,0.004595488538334136,71.413,6820.673618940248,0.023885000799940936,127.728,56495.85173102344,0.010991806309868402,71.11399999999999,0.023371753349340718,0.00644231644643245
1999-10-01,128792.50094323666,20576.341280635042,0.02037903677942965,72.058,6901.9130653939155,0.011910765855746908,126.969,57242.31171913171,0.013212651287428434,71.635,0.0464785881919203,0.008927751997573452
2000-01-01,129254.24801974441,20396.263036317163,-0.008751713526804483,73.161,7286.671730839229,0.05574666933643191,126.37799999999999,58134.537402255904,0.01558682129229938,72.255,-0.020883537765222893,0.005713839955483024
2000-04-01,131648.86114001618,20801.338771528073,0.019860291784315587,73.79899999999999,7151.882072142795,-0.018498110478336383,126.111,58844.51303533043,0.012212630646080802,72.572,0.04563019182033656,0.009298810241384903
2000-07-01,131773.28736512802,20939.66119924711,0.006649688716592106,74.38,7273.538164497882,0.01701036050761351,125.339,59401.35580247926,0.00946295140235942,73.167,0.04688187043698644,0.012028024898616652
2000-10-01,132594.40612734825,21141.786944343934,0.009652770556960677,74.619,7324.41597287203,0.006994918734665179,125.037,59908.79509741448,0.00854255408954896,73.757,-0.13610352602855413,0.013609083757016416
2001-01-01,132179.91468093698,21017.068313351247,-0.005899152768922056,74.817,7445.700375976092,0.01655891794694231,124.476,60203.68656175796,0.004922340098210576,74.541,-0.05620056573160648,0.011881919697495746
2001-04-01,132871.3891675025,21116.573294745504,0.004734484368166925,75.32600000000001,7439.5718204105415,-0.0008230999444087672,123.59299999999999,60334.461936309475,0.0021722153911183373,75.01899999999999,0.014016743885741478,0.007392587456091837
2001-07-01,132437.120359955,21213.87722455509,0.00460794128154296,75.015,7524.988597119957,0.011481410324593488,122.77600000000001,60417.90727632506,0.0013830460625250396,75.29899999999999,-0.09675841100204785,0.01304541680391691
2001-10-01,132782.29784265856,21392.818987084996,0.008435127658926067,73.945,8151.541691563464,0.08326299586464603,122.171,60624.8862512364,0.003425788549158204,75.825,0.008126553343931198,0.01563141139566926
2002-01-01,134019.25394084692,21481.771503664666,0.004158054935788025,73.813,8061.511147811726,-0.01104460323682288,121.1,60973.31794151985,0.0057473376335834825,76.23100000000001,0.0061058115040724115,0.008726051403690205
2002-04-01,134763.54661520192,21496.006731128797,0.0006626654352832606,74.876,8111.784282643517,0.006236192434645238,120.491,61365.99554901935,0.0064401548210994974,76.837,-0.08690472010033334,-0.002755139447292554
2002-07-01,135408.44081451645,21531.603761020695,0.001655983380408399,75.086,8355.39540741853,0.03003175581188189,119.889,61638.71775995455,0.0044441910946810825,77.42699999999999,-0.1561583839488362,0.004245550652059782
2002-10-01,135608.23340641573,21789.714664897147,0.011987537330763853,75.35,8280.195143250596,-0.009000204119743449,119.09200000000001,62050.9634985961,0.006688097248339853,77.997,0.06475856277056224,0.0037083192730693604
2003-01-01,136306.1050373566,21966.100588703677,0.008094916639302507,76.609,8289.594338258436,0.001135141726158695,117.561,62312.449911589974,0.004214058867914039,78.611,-0.11166652679278677,-0.002706202314075812
2003-04-01,137480.7077667189,22141.953702967145,0.008005659154356248,75.426,8666.950457074552,0.04552166287251591,116.28299999999999,62657.15079004493,0.00553181393034663,79.236,0.174540488034731,0.01660559159592845
2003-07-01,139806.69100050762,22550.640111937857,0.018457558644246808,76.471,9050.500838350403,0.04425436411290096,115.10700000000001,63120.55546503904,0.007395878509492304,79.789,0.05188091428580899,-0.0024114047473722255
2003-10-01,141464.43338622048,22679.87395997448,0.005730828366517615,76.801,9180.35000350705,0.014347180059519626,114.056,63472.7453663391,0.005579638815047083,80.39,0.04788056018536535,0.0030446302287781
2004-01-01,142204.7265699561,22853.463336930272,0.00765389513460879,77.844,9338.946610972656,0.017275660231365952,113.956,63955.77568341065,0.00761004292919254,81.064,0.07146094152252402,-0.00583932315026181
2004-04-01,143276.18765899545,22945.1380139732,0.00401141287389839,78.579,9362.046706071438,0.0024735225567775743,113.861,64451.68597105567,0.007753956266590256,81.67399999999999,-0.03550918551705429,-0.002924863717103099
2004-07-01,144643.0754761345,23108.87004934835,0.0071358052096019975,79.03,9602.941827225177,0.025731031762265655,112.991,65060.74601650522,0.009449869871877015,82.277,-0.014400154627287609,0.002927896614107528
2004-10-01,146095.44531815106,23343.648977967874,0.010159688817244605,80.428,9784.26104325385,0.018881632242592206,113.146,65678.74171625848,0.009498749055175004,82.84299999999999,0.06491832492992478,-0.006540590199676899
2005-01-01,147755.38393849574,23562.605858324197,0.009379719535835163,80.296,9831.303531412475,0.004807975579419033,112.90100000000001,65996.55733001817,0.004838941877612468,83.656,0.017820361472169477,0.008111585476859418
2005-04-01,148430.2976648999,23748.79059696876,0.007901704071444415,80.825,10093.20477909545,0.026639524132904713,112.741,66621.73804692227,0.009472929228381721,84.26700000000001,-0.01037040135560674,0.003444687739731611
2005-07-01,149701.2666013623,23837.61627558063,0.003740219033436132,83.315,10290.669001500964,0.019564075705121198,111.928,67274.75970599322,0.009801930694318006,84.896,-0.0004744757988389692,-0.008162566282601924
2005-10-01,150666.3653109426,24172.592902878343,0.014052438105603082,83.555,9982.761245488819,-0.02992106304917941,111.667,67661.12372634643,0.005743075442286472,85.875,0.03421890170570885,0.008419904907917442
2006-01-01,152679.9138056812,24421.81652977536,0.010310173505107878,83.64299999999999,10379.035594165363,0.03969586559586613,111.198,68069.64254778542,0.006037718544126491,86.585,0.021864776417537923,0.011669874642679101
2006-04-01,153039.18971562135,24472.61500754148,0.0020800450164788487,84.86399999999999,10383.435277960987,0.00042390102198863744,110.681,68547.77259762427,0.007024130463197276,87.29899999999999,-0.011851696854454419,0.003883065752230186
2006-07-01,153223.23628528812,24613.596915298862,0.00576080274682278,85.84299999999999,10532.290267542747,0.01433581330233813,110.18799999999999,68863.695251949,0.004608795331384474,87.994,0.013777779252801103,0.006199252763941843
2006-10-01,154518.4435026694,24955.903220805856,0.013907203676283064,83.861,10681.116134630314,0.014130437284491038,109.485,69370.70610148445,0.00736252749261368,88.585,0.08400007963238232,0.02972904637510898
2007-01-01,154816.2284668272,25040.022110363647,0.0033707010647348046,85.02799999999999,10825.256624492718,0.013494890238583857,108.914,69706.45654868937,0.004839945649590671,89.537,-0.00235982512641586,0.0051861543935187715
2007-04-01,155756.10522097923,24986.5383949891,-0.00213592923915229,86.691,10938.723545583705,0.010481684178669903,108.39399999999999,69818.36841112579,0.0016054734091706102,90.133,0.08313429724124677,0.0007680374709688742
2007-07-01,156753.8743596657,25065.017926894925,0.003140872523645033,87.29899999999999,11071.920257879921,0.01217662296164268,107.647,70188.18412069156,0.005296825434076391,90.81,-0.032616129429151375,0.0084409261772449
2007-10-01,157611.3902308105,25043.905010824816,-0.0008423259912155867,89.147,11153.49596529689,0.007367801204936519,107.195,70420.86126700588,0.0033150472437672995,91.586,-0.023428324073137885,-0.0038374016007646228
2008-01-01,156580.0532227554,24849.26263773839,-0.007772045653515081,90.661,10791.148240312834,-0.032487367737565775,106.89399999999999,70751.47672465182,0.0046948510952229405,92.265,-0.10502583097789253,-0.00512814876536638
2008-04-01,157615.4894341832,24887.510928342454,0.0015392122962223365,92.649,10713.381733947286,-0.007206508949161972,106.197,70980.08913708855,0.0032312034040848925,93.115,0.028001067302416027,-0.008329248321406801
2008-07-01,156730.6928391827,24524.555167627135,-0.014583851384751267,95.09200000000001,10351.978159008464,-0.03373384650279465,105.85600000000001,70946.26556901552,-0.0004765219159940104,93.77600000000001,-0.09321469039434882,-0.012828235346521555
2008-10-01,153426.30880121395,24290.646191783893,-0.009537745914022011,89.215,9590.64138305059,-0.07354505238164033,105.101,71038.29052173636,0.001297107775620976,93.78299999999999,-0.33126453937857003,0.04755437977019028
2009-01-01,151586.9691129856,24282.313510783606,-0.000343040729937627,87.12299999999999,9608.938547486034,0.0019078144729485214,104.536,70787.3211942782,-0.0035328739700085654,93.74700000000001,-0.12594577733189527,0.018501263943350388
2009-04-01,151311.988698659,24137.326565143823,-0.005970886817493581,88.65,9540.297133211207,-0.007143496020461715,104.26299999999999,70575.20078396285,-0.0029965876195990893,93.882,0.3306155529028678,-0.010554927516553514
2009-07-01,151933.49629130142,24213.958469028406,0.003174829808834101,90.583,10004.58134792148,0.048665592719751904,103.463,70706.5860642698,0.0018616352323124197,94.29,0.04563610843229071,-0.01177001198326244
2009-10-01,153544.395343711,24291.167182087396,0.003188603513867738,91.51100000000001,9769.122590712503,-0.02353509347574001,103.81700000000001,70733.66384573282,0.0003829598198732409,95.00399999999999,0.10215755703265761,-0.00784383841113856
2010-01-01,154164.7903990952,24419.64606197722,0.005289119247615437,91.93700000000001,9888.964214808,0.012267388701768356,103.255,70997.11791399855,0.0037245924209483583,95.417,0.004721269252025095,-0.0011727954483904401
2010-04-01,155622.841771624,24553.502753255838,0.005481516437170653,91.52799999999999,10200.721153846154,0.0315257424606028,102.336,71369.29690026813,0.005242170347258712,95.84700000000001,-0.03466360601293628,0.0062847372585927985
2010-07-01,156672.83456795252,24645.15145244034,0.003732612006747127,91.811,10360.839560136645,0.01569677318648388,101.57700000000001,71849.8283217147,0.0067330272584591455,96.11,0.009213575276378672,0.0006386958139101839
2010-10-01,157477.63507299987,24829.334845696183,0.007473412919018818,93.45200000000001,10650.322440474427,0.02794009873983261,101.259,72071.86771033124,0.003090325945141359,96.455,0.10409348104354366,-0.010705445333110686
2011-01-01,157138.73925737076,24912.7205005336,0.003358352342325066,95.57799999999999,10742.623824946677,0.008666534275195037,101.272,72350.3820493519,0.003864397411484699,96.977,0.06650177047984585,-0.015031720894897127
2011-04-01,158164.72569533045,24860.48176018322,-0.002096870165153697,97.80799999999999,10666.157770839283,-0.007118005373121461,101.527,72721.26310181248,0.0051261795992672,97.601,-0.010374293306341209,-0.016439675470896864
2011-07-01,158262.36563505518,24776.021227709887,-0.0033973811645358065,98.36200000000001,10760.66689685789,0.008860653297009247,101.365,73133.27355722204,0.0056656119247093795,98.14399999999999,-0.08690570254556651,-0.0033392648802285096
2011-10-01,160084.11366492359,24769.952054378828,-0.0002449615810092842,98.86200000000001,11018.64159988906,0.02397385826583842,100.95700000000001,73073.49598116425,-0.0008173786451801668,98.536,0.031038665104397456,-0.0022057865139871735
2012-01-01,161352.8665243141,24950.652160846304,0.007295133477480231,99.822,11288.477370336941,0.024489023261324405,100.819,73492.85599129419,0.005738879801755026,99.244,0.0972454613142022,-0.0059976706391066115
2012-04-01,162026.47232894303,24921.896330201558,-0.0011525081773161583,99.624,11310.009378803903,0.0019074324871786175,100.226,73663.08466488903,0.002316261510030504,99.758,-0.06689093686097258,0.0034616709563415338
2012-07-01,162086.8702579288,24933.9935315263,0.00048540452798850886,99.869,11456.94387299421,0.012991544858103943,99.649,73683.65422043896,0.0002792383137837362,100.191,0.09943578017669319,0.0003801980730886445
2012-10-01,162406.31204828847,24934.418576933775,1.7046824325905874e-05,100.684,11716.925462711217,0.022692054059008093,99.306,73919.27227997778,0.003197697807358013,100.80799999999999,-0.001256053670514179,-0.004235020645420473
2013-01-01,163855.8092619879,25265.999622427793,0.01329812622142934,100.64299999999999,12016.972625449842,0.025608011563572397,98.92399999999999,73866.76197988562,-0.0007103736072140432,101.42,0.07877502976010242,0.001733800127991847
2013-04-01,164031.96261497965,25239.4955873937,-0.0010490000566043545,99.601,12071.218369736775,0.004514094021654813,98.205,73920.48428998579,0.0007272866531606859,102.005,0.09072437151834745,0.009585713648389005
2013-07-01,165208.09923027895,25405.15819463188,0.006563625911800042,100.035,12173.466984754317,0.008470446966139411,97.667,74108.0430183013,0.0025373038355609445,102.561,-0.0015944339187390355,-0.0011237526089132865
2013-10-01,166581.86658345602,25628.52202420814,0.008792066078276095,100.04899999999999,12304.647904734435,0.01077597040714906,97.07600000000001,74716.10604388156,0.00820508814988008,103.27799999999999,0.10031416712576258,0.0020171793218466405
2014-01-01,166128.15656565657,25688.94164862019,0.0023575149731607237,100.666,12500.965992895279,0.015954791204168206,96.274,74910.58506543495,0.0026029062788572865,103.92,0.02331308462109738,-0.0014168399413078125
2014-04-01,168370.45944040408,25936.688712914354,0.009644113318598713,101.15100000000001,12950.20217956889,0.03593611781112971,95.70700000000001,75474.27598932986,0.007524850104995595,104.59100000000001,0.041504311613298484,-0.0012935681234188534
2014-07-01,170384.16498413612,26153.370286053647,0.00835424967071452,101.03,13185.821099279608,0.01819422712044183,95.226,76257.91355957996,0.010382843160507749,105.13600000000001,0.04271124009091842,0.0025262793815863382
2014-10-01,171505.14037548762,26436.72399244586,0.010834309432895983,99.54799999999999,13434.84287376997,0.018885572056181354,94.51,77134.5742161599,0.011495995833862072,105.57,0.03839207772162534,0.01257194221678537
2015-01-01,173019.76858169795,26674.976515644197,0.009012180301402495,96.87299999999999,13676.023180007245,0.01795185165195723,93.874,77703.81383932785,0.007379824533324308,105.93,0.052501813014481424,0.02076491548557291
2015-04-01,174143.32947910595,26817.98157994488,0.005361019313993243,97.611,13964.88590317765,0.021121836323931387,93.78,78227.50115065611,0.006739531632399931,106.461,-0.007381289664667889,-0.004671087244171979
2015-07-01,174870.6157072055,27087.69339608133,0.0100571258628257,97.53299999999999,14154.210322913088,0.013557176266822069,93.152,78771.60666890958,0.006955425013584149,107.00399999999999,-0.09120643188373845,0.002857345859401672
2015-10-01,175144.6419211893,27169.31842949217,0.0030133622755288414,96.351,14234.119272790087,0.005645595766486489,92.62799999999999,79246.54740508275,0.006029339203012851,107.383,0.10967600892662466,0.010349115525593477
2016-01-01,176070.58016053078,27424.5531019979,0.009394224340522062,95.1,14430.118718490812,0.013769692521503396,92.235,79740.50070365159,0.006233120744603804,108.008,-0.04956861495215492,0.010869020741540947
2016-04-01,176676.99228183154,27650.376645869415,0.00823435638245873,95.846,14623.867728909747,0.013426709384633417,91.63,80119.1029823997,0.004747929539032469,108.805,0.05799617158029036,-0.0023265495632328603
2016-07-01,177658.8761669231,27696.196989283184,0.0016571327038545913,95.92399999999999,15006.726951918834,0.026180435306606187,90.68,80509.66723541702,0.004874795628991402,109.59700000000001,0.03715727892291398,0.0037342488898135517
2016-10-01,178699.6037781909,27705.718010802753,0.00034376638508359925,96.64200000000001,15225.773448099462,0.014596553724369521,89.92200000000001,81039.03691406072,0.006575231233980627,110.229,0.007208009763058687,-0.0010157890201443198
2017-01-01,179737.03880184246,27976.334702258726,0.009767539370409306,97.4,15371.150747346781,0.009548106028430814,89.985,81607.43253606648,0.007013849666161809,110.837,0.08761903735200516,-0.003895298812656267
2017-04-01,180493.5548766858,28262.045672853466,0.010212594810415698,96.819,15615.756869686007,0.01591332531700318,89.26899999999999,81690.67515466691,0.001020037219816139,111.53,0.021009443293322105,0.008914441033198273
2017-07-01,181695.39122703025,28385.66910375421,0.004374185518335905,97.384,15949.340798266207,0.02136200834605506,88.59200000000001,81994.44370122631,0.003718521679301423,112.125,0.017835745681143544,0.001315482867540796
2017-10-01,183528.29146607508,28731.47752042209,0.012182500099042759,98.178,16458.964567776737,0.03195265409125425,88.25299999999999,82516.23296158612,0.006363714866596704,112.98,0.06256204226630557,-0.00106255669602362
2018-01-01,185212.2296233942,28812.262741297152,0.0028117322131324674,99.04799999999999,16620.163500130755,0.009793989876472065,87.95100000000001,82929.14119052638,0.005003963633827935,113.83200000000001,0.008691878455823643,-0.0008029855226299176
2018-04-01,186562.4563155267,29008.92516131626,0.006825649959703695,99.494,16906.56965937211,0.01723245136782814,87.691,83481.33449629306,0.0066586159923931465,114.65,0.01926710527892994,0.0025998655902075285
2018-07-01,187426.90497058848,29201.338437886236,0.006632899202572373,99.51899999999999,17038.890732835087,0.007826606823793103,87.37299999999999,84013.28929574534,0.006372140582825869,115.35600000000001,0.060410465008288616,0.006136972593965506
2018-10-01,188107.6026232694,29388.85584377615,0.006421534625502767,99.191,17143.181896462647,0.006120771901341193,87.09899999999999,84246.70828848224,0.002778357979952517,116.125,-0.03359110935946974,0.008985997145527058
2019-01-01,189380.0640375974,29628.054656671302,0.008139099193472221,98.579,17184.545506813087,0.0024128315618570095,86.965,84571.23622486171,0.0038521141415781557,116.605,0.009427046319717025,0.010581052771726274
2019-04-01,190138.05368110465,30009.30967501686,0.012868040874216113,99.359,17706.071539729564,0.030348549672710945,86.749,84979.4015463742,0.004826290116266341,117.436,-0.02539578349189886,0.0013176298071053694
2019-07-01,191296.1137457594,30237.94072894729,0.0076186708860142005,99.23899999999999,17980.33880249644,0.015490012121066155,86.363,85411.36144353979,0.005083112958025104,118.154,0.0614098753567911,0.007235975728500321
2019-10-01,192473.55052261727,30181.12226982232,-0.001879045257555445,99.67299999999999,18118.9054958379,0.007706567426984057,85.774,85845.45508119985,0.0050823875222620885,118.781,0.07085549953731296,0.0033868192648942586
2020-01-01,190167.04004233552,30704.753676766053,0.01734963339873219,99.544,17521.532445027282,-0.03296959912660502,85.406,83650.3901017948,-0.025569961477037717,119.456,-0.005304913920599508,0.004999794500840871
2020-04-01,172958.65674286726,29478.355553737936,-0.03994163691845931,97.80799999999999,17447.79114095861,-0.004208610422634651,84.727,73066.493810639,-0.12652536680673176,119.56,0.0031622788385607947,0.014843131022819422
2020-07-01,185968.23556281734,31543.796765995365,0.07006636474318273,98.76299999999999,20284.656329553345,0.16259165218542804,86.42,79192.36584150192,0.08383968781557916,120.38,0.13895258953485023,-0.012862527606787078
2020-10-01,187866.37241620416,31420.16781206668,-0.003919279433792111,98.801,20228.76815367702,-0.0027551946145076833,86.415,80022.0700026441,0.010477072535031828,121.024,0.03826507255774825,-7.905391899099001e-06
