"","ticker","ref.date","volume","price.open","price.high","price.low","price.close","price.adjusted","ret.adjusted.prices","ret.closing.prices"
"1","^NYA",1965-12-31,0,528.690002,528.690002,528.690002,528.690002,528.690002,NA,NA
"2","^NYA",1966-01-03,0,527.210022,538.940002,527.210022,527.210022,527.210022,-0.00279933419281886,-0.00279933419281886
"3","^NYA",1966-02-01,0,529.109985,539.890015,522.450012,529.109985,529.109985,0.00360380668180871,0.00360380668180871
"4","^NYA",1966-03-01,0,517.900024,517.900024,501.51001,517.900024,517.900024,-0.0211864476532229,-0.0211864476532229
"5","^NYA",1966-04-01,0,515.580017,529.109985,515.580017,515.580017,515.580017,-0.00447964258059208,-0.00447964258059208
"6","^NYA",1966-05-02,0,520.539978,520.539978,476.450012,520.539978,520.539978,0.00962015756324397,0.00962015756324397
"7","^NYA",1966-06-01,0,491.779999,498.660004,485.119995,491.779999,491.779999,-0.0552502789708883,-0.0552502789708883
"8","^NYA",1966-07-01,0,490.200012,500.559998,478.880005,490.200012,490.200012,-0.00321279231203542,-0.00321279231203542
"9","^NYA",1966-08-01,0,471.589996,481.100006,426.329987,471.589996,471.589996,-0.0379641279976142,-0.0379641279976142
"10","^NYA",1966-09-01,0,443.459991,456.26001,434.26001,443.459991,443.459991,-0.0596492827214257,-0.0596492827214257
"11","^NYA",1966-10-03,0,427.390015,456.470001,416.290009,427.390015,427.390015,-0.0362377132687038,-0.0362377132687038
"12","^NYA",1966-11-01,0,459.850006,470.109985,455.519989,459.850006,459.850006,0.0759493433649825,0.0759493433649825
"13","^NYA",1966-12-01,0,459.109985,475.079987,459.109985,459.109985,459.109985,-0.001609266044024,-0.001609266044024
"14","^NYA",1967-01-03,0,462.48999,500.670013,462.48999,462.48999,462.48999,0.00736208122330417,0.00736208122330417
"15","^NYA",1967-02-01,0,499.5,NA,NA,499.5,499.5,0.0800233752086181,0.0800233752086181
"16","^NYA",1967-03-01,0,507.859985,526.679993,507.859985,507.859985,507.859985,0.0167367067067068,0.0167367067067068
"17","^NYA",1967-04-03,0,517.900024,544.969971,512.830017,517.900024,517.900024,0.0197693051166457,0.0197693051166457
"18","^NYA",1967-05-01,0,544.650024,549.090027,519.909973,544.650024,544.650024,0.0516508954631754,0.0516508954631754
"19","^NYA",1967-06-01,0,526.25,541.059998,515.359985,526.25,526.25,-0.0337832060758342,-0.0337832060758342
"20","^NYA",1967-07-03,0,533.22998,556.710022,533.22998,533.22998,533.22998,0.013263619952494,0.013263619952494
"21","^NYA",1967-08-01,0,560.090027,562.72998,544.119995,560.090027,560.090027,0.0503723496567092,0.0503723496567092
"22","^NYA",1967-09-01,0,551.419983,572.460022,551.419983,551.419983,551.419983,-0.0154797328680162,-0.0154797328680162
"23","^NYA",1967-10-02,0,565.799988,572.669983,551.210022,565.799988,565.799988,0.0260781354381929,0.0260781354381929
"24","^NYA",1967-11-01,0,544.22998,555.119995,535.030029,544.22998,544.22998,-0.0381230266127189,-0.0381230266127189
"25","^NYA",1967-12-01,0,555.330017,569.179993,555.330017,555.330017,555.330017,0.0203958572807768,0.0203958572807768
"26","^NYA",1968-01-02,0,567.599976,572.780029,546.23999,567.599976,567.599976,0.0220948960516931,0.0220948960516931
"27","^NYA",1968-02-01,0,547.929993,547.929993,525.72998,547.929993,547.929993,-0.0346546579135162,-0.0346546579135162
"28","^NYA",1968-03-01,0,524.25,530.380005,514.940002,524.25,524.25,-0.0432171870540402,-0.0432171870540402
"29","^NYA",1968-04-01,0,542.119995,576.159973,542.119995,542.119995,542.119995,0.0340867811158798,0.0340867811158798
"30","^NYA",1968-05-01,0,578.070007,586.840027,572.359985,578.070007,578.070007,0.0663137540241436,0.0663137540241436
"31","^NYA",1968-06-03,0,594.140015,606.090027,592.969971,594.140015,594.140015,0.027799414959095,0.027799414959095
"32","^NYA",1968-07-01,0,591.710022,610,578.48999,591.710022,591.710022,-0.00408993324578544,-0.00408993324578544
"33","^NYA",1968-08-01,0,576.27002,587.26001,572.880005,576.27002,576.27002,-0.0260938659578761,-0.0260938659578761
"34","^NYA",1968-09-03,0,588.429993,610.099976,588.429993,588.429993,588.429993,0.0211011723289023,0.0211011723289023
"35","^NYA",1968-10-01,0,611.27002,623.73999,611.27002,611.27002,611.27002,0.0388151985311871,0.0388151985311871
"36","^NYA",1968-11-01,0,612.75,647.849976,612.75,612.75,612.75,0.0024211558747802,0.0024211558747802
"37","^NYA",1968-12-02,0,646.47998,646.47998,622.159973,646.47998,646.47998,0.0550468869849041,0.0550468869849041
"38","^NYA",1969-01-02,0,623.219971,623.320007,600.27002,623.219971,623.219971,-0.0359794730225056,-0.0359794730225056
"39","^NYA",1969-02-03,0,616.450012,620.679993,583.559998,616.450012,616.450012,-0.0108628723645314,-0.0108628723645314
"40","^NYA",1969-03-03,0,584.52002,601.119995,580.820007,584.52002,584.52002,-0.0517965631899444,-0.0517965631899444
"41","^NYA",1969-04-01,0,600.27002,613.169983,590.969971,600.27002,600.27002,0.0269451848715121,0.0269451848715121
"42","^NYA",1969-05-01,0,612.539978,627.22998,610.530029,612.539978,612.539978,0.0204407309896968,0.0204407309896968
"43","^NYA",1969-06-02,0,608.840027,608.840027,563.789978,608.840027,608.840027,-0.00604034207217097,-0.00604034207217097
"44","^NYA",1969-07-01,0,574.679993,583.780029,521.390015,574.679993,574.679993,-0.0561067480538693,-0.0561067480538693
"45","^NYA",1969-08-01,0,545.820007,561.570007,541.059998,545.820007,545.820007,-0.0502192287038605,-0.0502192287038605
"46","^NYA",1969-09-02,0,559.349976,561.25,542.219971,559.349976,559.349976,0.0247883346643245,0.0247883346643245
"47","^NYA",1969-10-01,0,543.169983,580.390015,543.169983,543.169983,543.169983,-0.028926421192874,-0.028926421192874
"48","^NYA",1969-11-03,0,575.320007,582.820007,549.619995,575.320007,575.320007,0.0591896183629868,0.0591896183629868
"49","^NYA",1969-12-01,0,551.099976,551.099976,526.359985,551.099976,551.099976,-0.0420983638762976,-0.0420983638762976
"50","^NYA",1970-01-02,0,550.890015,553.640015,502.679993,550.890015,550.890015,-0.000380985318714666,-0.000380985318714666
"51","^NYA",1970-02-02,0,506.690002,529.73999,506.690002,506.690002,506.690002,-0.0802338248951562,-0.0802338248951562
"52","^NYA",1970-03-02,0,530.700012,533.76001,512.190002,530.700012,530.700012,0.0473859951947504,0.0473859951947504
"53","^NYA",1970-04-01,0,529.73999,529.73999,466.089996,529.73999,529.73999,-0.00180897301355254,-0.00180897301355254
"54","^NYA",1970-05-01,0,473.170013,473.170013,398.519989,473.170013,473.170013,-0.106788194336622,-0.106788194336622
"55","^NYA",1970-06-01,0,449.700012,454.779999,418.51001,449.700012,449.700012,-0.0496016238459304,-0.0496016238459304
"56","^NYA",1970-07-01,0,419.880005,449.070007,409.200012,419.880005,419.880005,-0.0663108877124069,-0.0663108877124069
"57","^NYA",1970-08-03,0,443.040009,470.320007,429.190002,443.040009,443.040009,0.0551586256173355,0.0551586256173355
"58","^NYA",1970-09-01,0,465.559998,488.399994,465.350006,465.559998,465.559998,0.0508305989132463,0.0508305989132463
"59","^NYA",1970-10-01,0,488.399994,502.149994,478.670013,488.399994,488.399994,0.0490591891445107,0.0490591891445107
"60","^NYA",1970-11-02,0,480.470001,501.299988,475.820007,480.470001,480.470001,-0.0162366771036446,-0.0162366771036446
"61","^NYA",1970-12-01,0,502.890015,531.75,502.890015,502.890015,502.890015,0.0466626718699135,0.0466626718699135
"62","^NYA",1971-01-04,0,525.830017,556.599976,525.830017,525.830017,525.830017,0.0456163401852392,0.0456163401852392
"63","^NYA",1971-02-01,0,559.97998,574.049988,556.390015,559.97998,559.97998,0.0649448717188772,0.0649448717188772
"64","^NYA",1971-03-01,0,564,589.700012,564,564,564,0.00717886378723764,0.00717886378723764
"65","^NYA",1971-04-01,0,586.630005,610.73999,586.630005,586.630005,586.630005,0.0401241223404254,0.0401241223404254
"66","^NYA",1971-05-03,0,601.75,605.030029,579.119995,601.75,601.75,0.0257743294259216,0.0257743294259216
"67","^NYA",1971-06-01,0,584.299988,591.599976,569.289978,584.299988,584.299988,-0.0289987735770669,-0.0289987735770669
"68","^NYA",1971-07-01,0,583.25,590.330017,558.400024,583.25,583.25,-0.0017970015772103,-0.0017970015772103
"69","^NYA",1971-08-02,0,560.719971,587.049988,546.23999,560.719971,560.719971,-0.0386284252036005,-0.0386284252036005
"70","^NYA",1971-09-01,0,579.02002,592.549988,570.559998,579.02002,579.02002,0.0326366991483527,0.0326366991483527
"71","^NYA",1971-10-01,0,577.960022,584.409973,547.719971,577.960022,577.960022,-0.00183067590650854,-0.00183067590650854
"72","^NYA",1971-11-01,0,542.429993,553.530029,524.460022,542.429993,542.429993,-0.0614748903861035,-0.0614748903861035
"73","^NYA",1971-12-01,0,557.549988,596.679993,557.549988,557.549988,557.549988,0.0278745556018691,0.0278745556018691
"74","^NYA",1972-01-03,0,594.559998,610.950012,594.559998,594.559998,594.559998,0.0663797162524555,0.0663797162524555
"75","^NYA",1972-02-01,0,610.840027,626.390015,610.840027,610.840027,610.840027,0.0273816419785442,0.0273816419785442
"76","^NYA",1972-03-01,0,631.25,642.039978,627.130005,631.25,631.25,0.033412959363909,0.033412959363909
"77","^NYA",1972-04-03,0,632.52002,649.440002,630.409973,632.52002,632.52002,0.00201191287128721,0.00201191287128721
"78","^NYA",1972-05-01,0,628.710022,649.02002,615.070007,628.710022,628.710022,-0.00602352159541142,-0.00602352159541142
"79","^NYA",1972-06-01,0,643.72998,644.469971,624.700012,643.72998,643.72998,0.0238901202055277,0.0238901202055277
"80","^NYA",1972-07-03,0,629.23999,637.909973,617.719971,629.23999,629.23999,-0.0225094223512783,-0.0225094223512783
"81","^NYA",1972-08-01,0,630.619995,653.98999,630.619995,630.619995,630.619995,0.00219312984224018,0.00219312984224018
"82","^NYA",1972-09-01,0,648.590027,648.590027,626.390015,648.590027,648.590027,0.0284958170411327,0.0284958170411327
"83","^NYA",1972-10-02,0,638.859985,646.27002,618.460022,638.859985,638.859985,-0.0150018372083293,-0.0150018372083293
"84","^NYA",1972-11-01,0,652.820007,677.98999,652.820007,652.820007,652.820007,0.0218514577963433,0.0218514577963433
"85","^NYA",1972-12-01,0,679.789978,688.77002,666.25,679.789978,679.789978,0.0413130276505145,0.0413130276505145
"86","^NYA",1973-01-02,0,687.929993,692.369995,662.659973,687.929993,687.929993,0.011974308629775,0.011974308629775
"87","^NYA",1973-02-01,0,655.98999,665.299988,630.299988,655.98999,655.98999,-0.0464291473333101,-0.0464291473333101
"88","^NYA",1973-03-01,0,630.299988,650.5,614.549988,630.299988,630.299988,-0.0391621859961614,-0.0391621859961614
"89","^NYA",1973-04-02,0,622.690002,634.109985,599.849976,622.690002,622.690002,-0.0120735937567557,-0.0120735937567557
"90","^NYA",1973-05-01,0,600.159973,622.789978,573.309998,600.159973,600.159973,-0.0361817741213709,-0.0361817741213709
"91","^NYA",1973-06-01,0,580.070007,602.169983,568.76001,580.070007,580.070007,-0.0334743516792314,-0.0334743516792314
"92","^NYA",1973-07-02,0,572.780029,618.98999,564.210022,572.780029,572.780029,-0.0125674106780701,-0.0125674106780701
"93","^NYA",1973-08-01,0,601.650024,601.960022,566.219971,601.650024,601.650024,0.0504032849231899,0.0504032849231899
"94","^NYA",1973-09-04,0,590.440002,621.73999,583.559998,590.440002,590.440002,-0.0186321308947541,-0.0186321308947541
"95","^NYA",1973-10-01,0,617.719971,637.070007,616.23999,617.719971,617.719971,0.0462027791267434,0.0462027791267434
"96","^NYA",1973-11-01,0,612.640015,612.640015,539.469971,612.640015,612.640015,-0.00822371987063386,-0.00822371987063386
"97","^NYA",1973-12-03,0,529.530029,551.419983,518.640015,529.530029,529.530029,-0.135658762021935,-0.135658762021935
"98","^NYA",1974-01-02,0,549.619995,562.630005,523.400024,549.619995,549.619995,0.0379392383807566,0.0379392383807566
"99","^NYA",1974-02-01,0,539.26001,546.030029,513.570007,539.26001,539.26001,-0.0188493597289888,-0.0188493597289888
"100","^NYA",1974-03-01,0,541.690002,564.320007,530.909973,541.690002,541.690002,0.00450616021017414,0.00450616021017414
"101","^NYA",1974-04-01,0,526.570007,533.340027,502.570007,526.570007,526.570007,-0.0279126344296087,-0.0279126344296087
"102","^NYA",1974-05-01,0,517.27002,519.059998,483.640015,517.27002,517.27002,-0.0176614445873671,-0.0176614445873671
"103","^NYA",1974-06-03,0,494.959991,518.01001,474.76001,494.959991,494.959991,-0.0431303345204503,-0.0431303345204503
"104","^NYA",1974-07-01,0,474.339996,474.339996,439.339996,474.339996,474.339996,-0.0416599227714145,-0.0416599227714145
"105","^NYA",1974-08-01,0,436.269989,457.420013,387.209991,436.269989,436.269989,-0.0802589014652687,-0.0802589014652687
"106","^NYA",1974-09-03,0,390.170013,394.720001,353.690002,390.170013,390.170013,-0.105668455686508,-0.105668455686508
"107","^NYA",1974-10-01,0,353.059998,413.640015,347.769989,353.059998,353.059998,-0.0951124221840185,-0.0951124221840185
"108","^NYA",1974-11-01,0,411.73999,420.519989,380.970001,411.73999,411.73999,0.166204022920773,0.166204022920773
"109","^NYA",1974-12-02,0,382.350006,382.350006,364.269989,382.350006,382.350006,-0.0713799599596823,-0.0713799599596823
"110","^NYA",1975-01-02,0,391.859985,433.839996,391.859985,391.859985,391.859985,0.0248724437054146,0.0248724437054146
"111","^NYA",1975-02-03,0,437.540009,462.070007,436.269989,437.540009,437.540009,0.116572310898241,0.116572310898241
"112","^NYA",1975-03-03,0,463.450012,481.529999,457,463.450012,463.450012,0.059217448615082,0.059217448615082
"113","^NYA",1975-04-01,0,463.549988,488.929993,451.390015,463.549988,463.549988,0.000215721215689468,0.000215721215689468
"114","^NYA",1975-05-01,0,492.630005,516.320007,492.630005,492.630005,492.630005,0.0627332925311175,0.0627332925311175
"115","^NYA",1975-06-02,0,520.02002,537.669983,507.01001,520.02002,520.02002,0.0555995670625058,0.0555995670625058
"116","^NYA",1975-07-01,0,535.880005,541.799988,499.079987,535.880005,535.880005,0.0304987969501636,0.0304987969501636
"117","^NYA",1975-08-01,0,498.019989,498.019989,467.570007,498.019989,498.019989,-0.070650174753208,-0.070650174753208
"118","^NYA",1975-09-02,0,481.630005,484.910004,460.910004,481.630005,481.630005,-0.032910293486232,-0.032910293486232
"119","^NYA",1975-10-01,0,464.820007,510.179993,464.820007,464.820007,464.820007,-0.0349023063876596,-0.0349023063876596
"120","^NYA",1975-11-03,0,492.309998,511.769989,492.309998,492.309998,492.309998,0.0591411526741792,0.0591411526741792
"121","^NYA",1975-12-01,0,507.119995,507.119995,484.700012,507.119995,507.119995,0.0300826655159663,0.0300826655159663
"122","^NYA",1976-01-02,0,507.959991,566.219971,507.959991,507.959991,507.959991,0.00165640481204066,0.00165640481204066
"123","^NYA",1976-02-02,0,566.650024,577.539978,559.880005,566.650024,566.650024,0.115540660760426,0.115540660760426
"124","^NYA",1976-03-01,0,565.690002,583.140015,559.880005,565.690002,565.690002,-0.00169420622842853,-0.00169420622842853
"125","^NYA",1976-04-01,0,576.690002,583.669983,563.900024,576.690002,576.690002,0.019445279147783,0.019445279147783
"126","^NYA",1976-05-03,0,567.599976,580.5,559.23999,567.599976,567.599976,-0.0157624130268866,-0.0157624130268866
"127","^NYA",1976-06-01,0,562.099976,589.059998,555.330017,562.099976,562.099976,-0.0096899228903421,-0.0096899228903421
"128","^NYA",1976-07-01,0,584.830017,598.580017,581.77002,584.830017,584.830017,0.040437719214562,0.040437719214562
"129","^NYA",1976-08-02,0,582.929993,591.919983,572.570007,582.929993,582.929993,-0.00324884828885252,-0.00324884828885252
"130","^NYA",1976-09-01,0,586.840027,608.099976,586.309998,586.840027,586.840027,0.00670755330306028,0.00670755330306028
"131","^NYA",1976-10-01,0,588.960022,588.960022,564.849976,588.960022,588.960022,0.00361256032727986,0.00361256032727986
"132","^NYA",1976-11-01,0,581.559998,585.039978,559.349976,581.559998,581.559998,-0.0125645607911907,-0.0125645607911907
"133","^NYA",1976-12-01,0,581.869995,612.01001,580.179993,581.869995,581.869995,0.000533043883805817,0.000533043883805817
"134","^NYA",1977-01-03,0,610,610,586.210022,610,610,0.0483441408591621,0.0483441408591621
"135","^NYA",1977-02-01,0,589.48999,589.48999,571.929993,589.48999,589.48999,-0.0336229672131148,-0.0336229672131148
"136","^NYA",1977-03-01,0,578.169983,586.840027,566.01001,578.169983,578.169983,-0.0192030521162879,-0.0192030521162879
"137","^NYA",1977-04-01,0,570.349976,580.919983,559.97998,570.349976,570.349976,-0.0135254462008279,-0.0135254462008279
"138","^NYA",1977-05-02,0,570.23999,579.119995,555.76001,570.23999,570.23999,-0.000192839492641483,-0.000192839492641483
"139","^NYA",1977-06-01,0,560.090027,586,559.140015,560.090027,560.090027,-0.0177994584350355,-0.0177994584350355
"140","^NYA",1977-07-01,0,580.710022,589.590027,571.830017,580.710022,580.710022,0.0368155010908631,0.0368155010908631
"141","^NYA",1977-08-01,0,573.840027,573.840027,556.179993,573.840027,573.840027,-0.0118303365530689,-0.0118303365530689
"142","^NYA",1977-09-01,0,560.299988,566.650024,550.570007,560.299988,560.299988,-0.0235954941498007,-0.0235954941498007
"143","^NYA",1977-10-03,0,559.77002,559.77002,527.210022,559.77002,559.77002,-0.000945864735588664,-0.000945864735588664
"144","^NYA",1977-11-01,0,530.059998,563.900024,526.359985,530.059998,530.059998,-0.0530754076468762,-0.0530754076468762
"145","^NYA",1977-12-01,0,553.429993,555.119995,540.419983,553.429993,553.429993,0.0440893391091173,0.0440893391091173
"146","^NYA",1978-01-03,0,547.929993,547.929993,518.75,547.929993,547.929993,-0.00993802300122182,-0.00993802300122182
"147","^NYA",1978-02-01,0,526.469971,532.390015,512.090027,526.469971,526.469971,-0.0391656274965039,-0.0391656274965039
"148","^NYA",1978-03-01,0,512.719971,534.710022,511.450012,512.719971,512.719971,-0.0261173490557925,-0.0261173490557925
"149","^NYA",1978-04-03,0,522.77002,569.919983,522.77002,522.77002,522.77002,0.0196014385404153,0.0196014385404153
"150","^NYA",1978-05-01,0,574.789978,588.75,566.75,574.789978,574.789978,0.0995083038618014,0.0995083038618014
"151","^NYA",1978-06-01,0,577.219971,594.23999,562.419983,577.219971,577.219971,0.00422761894432333,0.00422761894432333
"152","^NYA",1978-07-03,0,565.27002,598.369995,560.409973,565.27002,565.27002,-0.020702594505345,-0.020702594505345
"153","^NYA",1978-08-01,0,598.580017,626.599976,598.580017,598.580017,598.580017,0.0589275847319835,0.0589275847319835
"154","^NYA",1978-09-01,0,618.98999,638.440002,605.97998,618.98999,618.98999,0.0340973176857657,0.0340973176857657
"155","^NYA",1978-10-02,0,613.059998,626.919983,546.340027,613.059998,613.059998,-0.00958010968804213,-0.00958010968804213
"156","^NYA",1978-11-01,0,568.76001,568.76001,543.070007,568.76001,568.76001,-0.0722604445641877,-0.0722604445641877
"157","^NYA",1978-12-01,0,568.549988,576.369995,551.950012,568.549988,568.549988,-0.00036926295152151,-0.00036926295152151
"158","^NYA",1979-01-02,0,570.23999,602.599976,570.23999,570.23999,570.23999,0.00297247741741224,0.00297247741741224
"159","^NYA",1979-02-01,0,592.130005,592.130005,569.710022,592.130005,592.130005,0.0383873726569053,0.0383873726569053
"160","^NYA",1979-03-01,0,574.150024,608.309998,574.150024,574.150024,574.150024,-0.0303649212979842,-0.0303649212979842
"161","^NYA",1979-04-02,0,599.849976,615.179993,599.849976,599.849976,599.849976,0.044761736350637,0.044761736350637
"162","^NYA",1979-05-01,0,606.299988,606.719971,583.880005,606.299988,606.299988,0.0107527086072601,0.0107527086072601
"163","^NYA",1979-06-01,0,592.450012,617.289978,592.450012,592.450012,592.450012,-0.0228434376944108,-0.0228434376944108
"164","^NYA",1979-07-02,0,611.799988,627.22998,610.73999,611.799988,611.799988,0.0326609428779958,0.0326609428779958
"165","^NYA",1979-08-01,0,627.659973,659.799988,627.340027,627.659973,627.659973,0.0259234804038604,0.0259234804038604
"166","^NYA",1979-09-04,0,648.700012,664.880005,641.400024,648.700012,648.700012,0.033521396783414,0.033521396783414
"167","^NYA",1979-10-01,0,653.880005,670.27002,598.580017,653.880005,653.880005,0.00798519023304722,0.00798519023304722
"168","^NYA",1979-11-01,0,615.070007,645.309998,600.059998,615.070007,615.070007,-0.0593533946645148,-0.0593533946645148
"169","^NYA",1979-12-03,0,640.130005,662.02002,640.130005,640.130005,640.130005,0.0407433263121217,0.0407433263121217
"170","^NYA",1980-01-02,0,641.719971,699.349976,638.02002,641.719971,641.719971,0.00248381733019998,0.00248381733019998
"171","^NYA",1980-02-01,0,698.710022,716.580017,679.570007,698.710022,698.710022,0.0888082864418132,0.0888082864418132
"172","^NYA",1980-03-03,0,680.419983,680.530029,584.72998,680.419983,680.419983,-0.0261768665456469,-0.0261768665456469
"173","^NYA",1980-04-01,0,611.47998,638.22998,599.849976,611.47998,611.47998,-0.101319780021805,-0.101319780021805
"174","^NYA",1980-05-01,0,633.789978,675.450012,632.099976,633.789978,633.789978,0.0364852468268873,0.0364852468268873
"175","^NYA",1980-06-02,0,668.469971,705.47998,667.309998,668.469971,668.469971,0.0547184307164921,0.0547184307164921
"176","^NYA",1980-07-01,0,695.01001,741.219971,695.01001,695.01001,695.01001,0.0397026645195404,0.0397026645195404
"177","^NYA",1980-08-01,0,734.23999,766.280029,731.280029,734.23999,734.23999,0.0564452014151566,0.0564452014151566
"178","^NYA",1980-09-02,0,753.700012,797.580017,753.47998,753.700012,753.700012,0.0265036258785087,0.0265036258785087
"179","^NYA",1980-10-01,0,775.789978,816.710022,770.299988,775.789978,775.789978,0.0293086979544854,0.0293086979544854
"180","^NYA",1980-11-03,0,786.26001,856.679993,785.52002,786.26001,786.26001,0.0134959619187036,0.0134959619187036
"181","^NYA",1980-12-01,0,837.02002,837.02002,773.049988,837.02002,837.02002,0.064558809241742,0.064558809241742
"182","^NYA",1981-01-02,0,827.5,836.809998,785.309998,827.5,827.5,-0.0113737064496976,-0.0113737064496976
"183","^NYA",1981-02-02,0,768.390015,794.400024,766.070007,768.390015,768.390015,-0.0714320060422962,-0.0714320060422962
"184","^NYA",1981-03-02,0,799.159973,833.419983,787.320007,799.159973,799.159973,0.0400447134909738,0.0400447134909738
"185","^NYA",1981-04-01,0,831.309998,831.309998,809.840027,831.309998,831.309998,0.0402297738703186,0.0402297738703186
"186","^NYA",1981-05-01,0,811.530029,820.309998,793.559998,811.530029,811.530029,-0.0237937340433622,-0.0237937340433622
"187","^NYA",1981-06-01,0,813.22998,821.049988,802.22998,813.22998,813.22998,0.00209474811683141,0.00209474811683141
"188","^NYA",1981-07-01,0,796.940002,803.179993,781.400024,796.940002,796.940002,-0.0200312069164,-0.0200312069164
"189","^NYA",1981-08-03,0,800.429993,821.049988,752.849976,800.429993,800.429993,0.00437923932948703,0.00437923932948703
"190","^NYA",1981-09-01,0,753.700012,756.659973,686.869995,753.700012,753.700012,-0.0583810969212394,-0.0583810969212394
"191","^NYA",1981-10-01,0,713.72998,747.98999,713.72998,713.72998,713.72998,-0.0530317518424028,-0.0530317518424028
"192","^NYA",1981-11-02,0,761.840027,775.789978,740.059998,761.840027,761.840027,0.067406509952125,0.067406509952125
"193","^NYA",1981-12-01,0,773.789978,774.419983,746.289978,773.789978,773.789978,0.0156856434113299,0.0156856434113299
"194","^NYA",1982-01-04,0,752.849976,752.849976,703.049988,752.849976,752.849976,-0.027061609216138,-0.027061609216138
"195","^NYA",1982-02-01,0,719.119995,720.809998,681.369995,719.119995,719.119995,-0.0448030578140046,-0.0448030578140046
"196","^NYA",1982-03-01,0,691.940002,691.940002,655.890015,691.940002,691.940002,-0.0377961858785473,-0.0377961858785473
"197","^NYA",1982-04-01,0,692.469971,725.25,692.469971,692.469971,692.469971,0.000765917562892904,0.000765917562892904
"198","^NYA",1982-05-03,0,711.190002,727.469971,682.530029,711.190002,711.190002,0.0270337080075347,0.0270337080075347
"199","^NYA",1982-06-01,0,680.630005,682.530029,652.719971,680.630005,680.630005,-0.0429702286506554,-0.0429702286506554
"200","^NYA",1982-07-01,0,660.960022,676.190002,650.390015,660.960022,660.960022,-0.0288996706808422,-0.0288996706808422
"201","^NYA",1982-08-02,0,660.75,724.719971,621.73999,660.75,660.75,-0.000317752954807293,-0.000317752954807293
"202","^NYA",1982-09-01,0,717.960022,755.919983,717.960022,717.960022,717.960022,0.0865834612183125,0.0865834612183125
"203","^NYA",1982-10-01,0,740.27002,843.780029,737.72998,740.27002,740.27002,0.0310741508111436,0.0310741508111436
"204","^NYA",1982-11-01,0,823.909973,870.75,815.450012,823.909973,823.909973,0.112985735934572,0.112985735934572
"205","^NYA",1982-12-01,0,847.27002,868.419983,825.169983,847.27002,847.27002,0.028352669303106,0.028352669303106
"206","^NYA",1983-01-03,0,843.679993,896.549988,843.679993,843.679993,843.679993,-0.00423716986941192,-0.00423716986941192
"207","^NYA",1983-02-01,0,873.5,913.039978,873.5,873.5,873.5,0.0353451631512138,0.0353451631512138
"208","^NYA",1983-03-01,0,919.169983,937.469971,911.669983,919.169983,919.169983,0.052283895821408,0.052283895821408
"209","^NYA",1983-04-04,0,931.119995,996.789978,919.599976,931.119995,931.119995,0.0130008727667514,0.0130008727667514
"210","^NYA",1983-05-02,0,983.780029,1015.179993,983.780029,983.780029,983.780029,0.0565555828279685,0.0565555828279685
"211","^NYA",1983-06-01,0,995.309998,1046.910034,989.380005,995.309998,995.309998,0.0117200681657668,0.0117200681657668
"212","^NYA",1983-07-01,0,1035.27002,1042.359985,996.789978,1035.27002,1035.27002,0.0401483176902639,0.0401483176902639
"213","^NYA",1983-08-01,0,992.97998,1009.900024,974.789978,992.97998,992.97998,-0.0408492849044348,-0.0408492849044348
"214","^NYA",1983-09-01,0,1002.710022,1040.349976,1002.710022,1002.710022,1002.710022,0.00979882998245341,0.00979882998245341
"215","^NYA",1983-10-03,0,1014.969971,1053.459961,996.890015,1014.969971,1014.969971,0.0122268140648942,0.0122268140648942
"216","^NYA",1983-11-01,0,997.419983,1025.02002,986.849976,997.419983,997.419983,-0.0172911401336424,-0.0172911401336424
"217","^NYA",1983-12-01,0,1017.090027,1017.090027,988.960022,1017.090027,1017.090027,0.0197209243200014,0.0197209243200014
"218","^NYA",1984-01-03,0,1001.22998,1033.160034,995.200012,1001.22998,1001.22998,-0.0155935527622669,-0.0155935527622669
"219","^NYA",1984-02-01,0,993.190002,996.890015,937.780029,993.190002,993.190002,-0.00803010113620439,-0.00803010113620439
"220","^NYA",1984-03-01,0,962.950012,971.72998,940.429993,962.950012,962.950012,-0.0304473362993036,-0.0304473362993036
"221","^NYA",1984-04-02,0,962.530029,973.72998,943.599976,962.530029,962.530029,-0.000436142058015787,-0.000436142058015787
"222","^NYA",1984-05-01,0,981.97998,984.309998,914.099976,981.97998,981.97998,0.0202071108578368,0.0202071108578368
"223","^NYA",1984-06-01,0,932.179993,944.549988,911.140015,932.179993,932.179993,-0.050713851620478,-0.050713851620478
"224","^NYA",1984-07-02,0,933.97998,937.039978,900.140015,933.97998,933.97998,0.00193094360908463,0.00193094360908463
"225","^NYA",1984-08-01,0,936.619995,1018.25,936.619995,936.619995,936.619995,0.00282662911040132,0.00282662911040132
"226","^NYA",1984-09-04,0,1004.080017,1026.920044,1000.27002,1004.080017,1004.080017,0.0720249646175875,0.0720249646175875
"227","^NYA",1984-10-01,0,1004.080017,1024.170044,987.799988,1004.080017,1004.080017,0,0
"228","^NYA",1984-11-01,0,1020.150024,1037.48999,994.98999,1020.150024,1020.150024,0.0160047075212333,0.0160047075212333
"229","^NYA",1984-12-03,0,992.97998,1023.330017,987.799988,992.97998,992.97998,-0.0266333807389099,-0.0266333807389099
"230","^NYA",1985-01-02,0,1009.049988,1097.02002,1000.27002,1009.049988,1009.049988,0.0161836173172394,0.0161836173172394
"231","^NYA",1985-02-01,0,1091.530029,1121.660034,1091.530029,1091.530029,1091.530029,0.0817402923352495,0.0817402923352495
"232","^NYA",1985-03-01,0,1121.23999,1121.23999,1083.380005,1121.23999,1121.23999,0.0272186382514998,0.0272186382514998
"233","^NYA",1985-04-01,0,1109.180054,1122.400024,1092.050049,1109.180054,1109.180054,-0.0107558917872703,-0.0107558917872703
"234","^NYA",1985-05-01,0,1092.800049,1160.150024,1092.800049,1092.800049,1092.800049,-0.0147676699927386,-0.0147676699927386
"235","^NYA",1985-06-03,0,1158.98999,1174.849976,1141.540039,1158.98999,1158.98999,0.0605691233822412,0.0605691233822412
"236","^NYA",1985-07-01,0,1178.439941,1200.01001,1161,1178.439941,1178.439941,0.0167818110318623,0.0167818110318623
"237","^NYA",1985-08-01,0,1175.589966,1175.589966,1141.01001,1175.589966,1175.589966,-0.00241843041876333,-0.00241843041876333
"238","^NYA",1985-09-03,0,1151.589966,1153.810059,1105.47998,1151.589966,1151.589966,-0.0204152814281506,-0.0204152814281506
"239","^NYA",1985-10-01,0,1128.959961,1159.829956,1112.25,1128.959961,1128.959961,-0.0196510960221409,-0.0196510960221409
"240","^NYA",1985-11-01,0,1168.930054,1233.849976,1167.869995,1168.930054,1168.930054,0.0354043494727621,0.0354043494727621
"241","^NYA",1985-12-02,0,1222.640015,1289.040039,1222.640015,1222.640015,1222.640015,0.0459479682434447,0.0459479682434447
"242","^NYA",1986-01-02,0,1276.670044,1301.939941,1245.060059,1276.670044,1276.670044,0.0441912814378156,0.0441912814378156
"243","^NYA",1986-02-03,0,1303.530029,1382.52002,1297.609985,1303.530029,1303.530029,0.0210390970840388,0.0210390970840388
"244","^NYA",1986-03-03,0,1375.540039,1455.900024,1370.670044,1375.540039,1375.540039,0.0552423100335035,0.0552423100335035
"245","^NYA",1986-04-01,0,1436.76001,1491.530029,1396.369995,1436.76001,1436.76001,0.04450613523726,0.04450613523726
"246","^NYA",1986-05-01,0,1432.420044,1505.48999,1421.530029,1432.420044,1432.420044,-0.0030206617457289,-0.0030206617457289
"247","^NYA",1986-06-02,0,1489.630005,1522.300049,1455.900024,1489.630005,1489.630005,0.0399393747941719,0.0399393747941719
"248","^NYA",1986-07-01,0,1529.810059,1534.780029,1426.5,1529.810059,1529.810059,0.0269731771413935,0.0269731771413935
"249","^NYA",1986-08-01,0,1430.52002,1537.530029,1430.52002,1430.52002,1430.52002,-0.0649035077367078,-0.0649035077367078
"250","^NYA",1986-09-02,0,1513.310059,1541.119995,1402.180054,1513.310059,1513.310059,0.0578740862361367,0.0578740862361367
"251","^NYA",1986-10-01,0,1424.180054,1484.76001,1424.180054,1424.180054,1424.180054,-0.0588973848881289,-0.0588973848881289
"252","^NYA",1986-11-03,0,1494.810059,1507.5,1443.099976,1494.810059,1494.810059,0.0495934518964973,0.0495934518964973
"253","^NYA",1986-12-01,0,1505.589966,1534.140015,1465.310059,1505.589966,1505.589966,0.00721155636804571,0.00721155636804571
"254","^NYA",1987-01-02,0,1491,1657.119995,1491,1491,1491,-0.00969053084138316,-0.00969053084138316
"255","^NYA",1987-02-02,0,1664.829956,1721.609985,1661.97998,1664.829956,1664.829956,0.116586154258887,0.116586154258887
"256","^NYA",1987-03-02,0,1708.609985,1808.949951,1708.609985,1708.609985,1708.609985,0.0262969973853595,0.0262969973853595
"257","^NYA",1987-04-01,0,1755.660034,1807.680054,1673.930054,1755.660034,1755.660034,0.0275370326833246,0.0275370326833246
"258","^NYA",1987-05-01,0,1719.709961,1760.209961,1660.290039,1719.709961,1719.709961,-0.0204766710546422,-0.0204766710546422
"259","^NYA",1987-06-01,0,1728.589966,1837.400024,1721.089966,1728.589966,1728.589966,0.00516366433955895,0.00516366433955895
"260","^NYA",1987-07-01,0,1803.030029,1888.890015,1803.030029,1803.030029,1803.030029,0.0430640374317666,0.0430640374317666
"261","^NYA",1987-08-03,0,1882.859985,1987.76001,1875.670044,1882.859985,1882.859985,0.0442754445106361,0.0442754445106361
"262","^NYA",1987-09-01,0,1916.069946,1916.069946,1842.469971,1916.069946,1916.069946,0.0176380406745964,0.0176380406745964
"263","^NYA",1987-10-01,0,1934.680054,1939.650024,1352.170044,1934.680054,1934.680054,0.00971264542761108,0.00971264542761108
"264","^NYA",1987-11-02,0,1509.290039,1509.290039,1371.310059,1509.290039,1509.290039,-0.219876156845932,-0.219876156845932
"265","^NYA",1987-12-01,0,1379.869995,1494.699951,1331.339966,1379.869995,1379.869995,-0.0857489552410675,-0.0857489552410675
"266","^NYA",1988-01-04,0,1510.98999,1542.599976,1445.640015,1510.98999,1510.98999,0.0950234409582911,0.0950234409582911
"267","^NYA",1988-02-01,0,1515.530029,1590.920044,1483.920044,1515.530029,1515.530029,0.00300467840955054,0.00300467840955054
"268","^NYA",1988-03-01,0,1587.959961,1614.400024,1544.930054,1587.959961,1587.959961,0.0477918158096753,0.0477918158096753
"269","^NYA",1988-04-04,0,1534.98999,1619.900024,1534.569946,1534.98999,1534.98999,-0.0333572459639617,-0.0333572459639617
"270","^NYA",1988-05-02,0,1563.109985,1570.939941,1503.689941,1563.109985,1563.109985,0.0183193344472559,0.0183193344472559
"271","^NYA",1988-06-01,0,1589.650024,1642.630005,1582.569946,1589.650024,1589.650024,0.0169789965227558,0.0169789965227558
"272","^NYA",1988-07-01,0,1624.969971,1644.959961,1572.73999,1624.969971,1624.969971,0.0222186937166995,0.0222186937166995
"273","^NYA",1988-08-01,0,1623.280029,1628.670044,1543.130005,1623.280029,1623.280029,-0.00103998352594781,-0.00103998352594781
"274","^NYA",1988-09-01,0,1550.949951,1626.030029,1550.949951,1550.949951,1550.949951,-0.0445579793429467,-0.0445579793429467
"275","^NYA",1988-10-03,0,1620.209961,1685.660034,1617.040039,1620.209961,1620.209961,0.0446565087128334,0.0446565087128334
"276","^NYA",1988-11-01,0,1659.859985,1660.920044,1575.060059,1659.859985,1659.859985,0.0244721517299695,0.0244721517299695
"277","^NYA",1988-12-01,0,1621.689941,1659.02002,1617.98999,1621.689941,1621.689941,-0.0229959420342313,-0.0229959420342313
"278","^NYA",1989-01-03,0,1638.719971,1761.900024,1638.719971,1638.719971,1638.719971,0.0105014094059797,0.0105014094059797
"279","^NYA",1989-02-01,0,1760.209961,1776.599976,1709.97998,1760.209961,1760.209961,0.0741371266293063,0.0741371266293063
"280","^NYA",1989-03-01,0,1710.199951,1777.439941,1710.199951,1710.199951,1710.199951,-0.0284113890433778,-0.0284113890433778
"281","^NYA",1989-04-03,0,1759.790039,1830.630005,1754.709961,1759.790039,1759.790039,0.0289966608705627,0.0289966608705627
"282","^NYA",1989-05-01,0,1827.349976,1896.400024,1805.98999,1827.349976,1827.349976,0.0383909077235094,0.0383909077235094
"283","^NYA",1989-06-01,0,1899.359985,1936.900024,1881.069946,1899.359985,1899.359985,0.0394067966978211,0.0394067966978211
"284","^NYA",1989-07-03,0,1887.52002,2034.48999,1887.52002,1887.52002,1887.52002,-0.00623366033479966,-0.00623366033479966
"285","^NYA",1989-08-01,0,2023.599976,2066.639893,2008.689941,2023.599976,2023.599976,0.0720945762471965,0.0720945762471965
"286","^NYA",1989-09-01,0,2076.360107,2076.360107,2019.050049,2076.360107,2076.360107,0.0260724113588346,0.0260724113588346
"287","^NYA",1989-10-02,0,2060.820068,2107.77002,1962.060059,2060.820068,2060.820068,-0.00748426968309113,-0.00748426968309113
"288","^NYA",1989-11-01,0,1996.73999,2023.180054,1953.709961,1996.73999,1996.73999,-0.0310944555495274,-0.0310944555495274
"289","^NYA",1989-12-01,0,2047.709961,2062.300049,2002.660034,2047.709961,2047.709961,0.0255265939758136,0.0255265939758136
"290","^NYA",1990-01-02,0,2093.600098,2093.600098,1886.670044,2093.600098,2093.600098,0.0224104672409706,0.0224104672409706
"291","^NYA",1990-02-01,0,1919.339966,1952.969971,1896.400024,1919.339966,1919.339966,-0.0832346789467908,-0.0832346789467908
"292","^NYA",1990-03-01,0,1940.48999,1994.839966,1940.48999,1940.48999,1940.48999,0.0110194256226934,0.0110194256226934
"293","^NYA",1990-04-02,0,1967.560059,1997.800049,1911.099976,1967.560059,1967.560059,0.0139501204023216,0.0139501204023216
"294","^NYA",1990-05-01,0,1926.75,2082.389893,1926.75,1926.75,1926.75,-0.0207414552929791,-0.0207414552929791
"295","^NYA",1990-06-01,0,2093.919922,2116.969971,2035.130005,2093.919922,2093.919922,0.0867626427922668,0.0867626427922668
"296","^NYA",1990-07-02,0,2074.780029,2126.689941,2044.109985,2074.780029,2074.780029,-0.00914069960312458,-0.00914069960312458
"297","^NYA",1990-08-01,0,2055.320068,2055.320068,1785.689941,2055.320068,2055.320068,-0.00937928875736249,-0.00937928875736249
"298","^NYA",1990-09-04,0,1872.920044,1881.380005,1748.469971,1872.920044,1872.920044,-0.088745313608255,-0.088745313608255
"299","^NYA",1990-10-01,0,1821.01001,1824.920044,1715.060059,1821.01001,1821.01001,-0.0277160972067636,-0.0277160972067636
"300","^NYA",1990-11-01,0,1772.050049,1861.609985,1770.780029,1772.050049,1772.050049,-0.0268861569849361,-0.0268861569849361
"301","^NYA",1990-12-03,0,1872.290039,1912.469971,1872.290039,1872.290039,1872.290039,0.0565672454096695,0.0565672454096695
"302","^NYA",1991-01-02,0,1888.680054,1983.530029,1807.790039,1888.680054,1888.680054,0.00875399358998563,0.00875399358998563
"303","^NYA",1991-02-01,0,1981.52002,2129.550049,1981.52002,1981.52002,1981.52002,0.0491560049058473,0.0491560049058473
"304","^NYA",1991-03-01,0,2140.02002,2175.439941,2121.719971,2140.02002,2140.02002,0.0799890984699716,0.0799890984699716
"305","^NYA",1991-04-01,0,2150.800049,2254.429932,2150.800049,2150.800049,2150.800049,0.00503734960386026,0.00503734960386026
"306","^NYA",1991-05-01,0,2199.649902,2252.100098,2136.949951,2199.649902,2199.649902,0.0227124102134517,0.0227124102134517
"307","^NYA",1991-06-03,0,2243.530029,2243.530029,2148.689941,2243.530029,2243.530029,0.0199486868160712,0.0199486868160712
"308","^NYA",1991-07-01,0,2185.27002,2245.22998,2162.01001,2185.27002,2185.27002,-0.0259680094524823,-0.0259680094524823
"309","^NYA",1991-08-01,0,2241.310059,2296.300049,2187.070068,2241.310059,2241.310059,0.0256444459893337,0.0256444459893337
"310","^NYA",1991-09-03,0,2274.72998,2274.72998,2226.620117,2274.72998,2274.72998,0.0149108869903127,0.0149108869903127
"311","^NYA",1991-10-01,0,2262.879883,2289.639893,2198.810059,2262.879883,2262.879883,-0.00520945215660273,-0.00520945215660273
"312","^NYA",1991-11-01,0,2284.030029,2319.560059,2194.790039,2284.030029,2284.030029,0.00934656150284052,0.00934656150284052
"313","^NYA",1991-12-02,0,2227.360107,2426.040039,2204.939941,2227.360107,2227.360107,-0.02481137344101,-0.02481137344101
"314","^NYA",1992-01-02,0,2423.179932,2451.409912,2391.780029,2423.179932,2423.179932,0.0879156560201426,0.0879156560201426
"315","^NYA",1992-02-03,0,2396.110107,2437.669922,2385.959961,2396.110107,2396.110107,-0.0111711989037717,-0.0111711989037717
"316","^NYA",1992-03-02,0,2412.929932,2415.360107,2357.840088,2412.929932,2412.929932,0.00701963776658787,0.00701963776658787
"317","^NYA",1992-04-01,0,2362.379883,2422.969971,2304.22998,2362.379883,2362.379883,-0.0209496547452999,-0.0209496547452999
"318","^NYA",1992-05-01,0,2402.350098,2436.929932,2392.939941,2402.350098,2402.350098,0.0169194697633648,0.0169194697633648
"319","^NYA",1992-06-01,0,2430.899902,2430.899902,2332.669922,2430.899902,2430.899902,0.0118841146524682,0.0118841146524682
"320","^NYA",1992-07-01,0,2397.590088,2465.27002,2380.679932,2397.590088,2397.590088,-0.0137026678772725,-0.0137026678772725
"321","^NYA",1992-08-03,0,2470.659912,2470.659912,2393.26001,2470.659912,2470.659912,0.0304763622296056,0.0304763622296056
"322","^NYA",1992-09-01,0,2421.600098,2471.399902,2407.959961,2421.600098,2421.600098,-0.0198569676715588,-0.0198569676715588
"323","^NYA",1992-10-01,0,2418.530029,2446.969971,2348.530029,2418.530029,2418.530029,-0.00126778529722371,-0.00126778529722371
"324","^NYA",1992-11-02,0,2458.179932,2510.72998,2429.73999,2458.179932,2458.179932,0.0163942157114312,0.0163942157114312
"325","^NYA",1992-12-01,0,2508.090088,2559.689941,2503.219971,2508.090088,2508.090088,0.0203037033010811,0.0203037033010811
"326","^NYA",1993-01-04,0,2536.429932,2564.449951,2497.620117,2536.429932,2536.429932,0.0112993724330688,0.0112993724330688
"327","^NYA",1993-02-01,0,2577.97998,2622.070068,2517.389893,2577.97998,2577.97998,0.0163813111790703,0.0163813111790703
"328","^NYA",1993-03-01,0,2577.449951,2657.810059,2577.449951,2577.449951,2577.449951,-0.000205598571017651,-0.000205598571017651
"329","^NYA",1993-04-01,0,2630.110107,2630.110107,2536.73999,2630.110107,2630.110107,0.0204311071024168,0.0204311071024168
"330","^NYA",1993-05-03,0,2585.699951,2642.379883,2572.27002,2585.699951,2585.699951,-0.0168852839589502,-0.0168852839589502
"331","^NYA",1993-06-01,0,2646.389893,2646.389893,2589.719971,2646.389893,2646.389893,0.0234713784082057,0.0234713784082057
"332","^NYA",1993-07-01,0,2629.050049,2636.560059,2591.300049,2629.050049,2629.050049,-0.0065522635367774,-0.0065522635367774
"333","^NYA",1993-08-02,0,2638.459961,2716.179932,2628,2638.459961,2638.459961,0.00357920611042739,0.00357920611042739
"334","^NYA",1993-09-01,0,2716.179932,2716.179932,2660.23999,2716.179932,2716.179932,0.0294565663867583,0.0294565663867583
"335","^NYA",1993-10-01,0,2709.939941,2754.25,2700.949951,2709.939941,2709.939941,-0.00229734080812727,-0.00229734080812727
"336","^NYA",1993-11-01,0,2748.540039,2748.540039,2677.800049,2748.540039,2748.540039,0.0142438942708656,0.0142438942708656
"337","^NYA",1993-12-01,0,2699.159912,2756.25,2699.159912,2699.159912,2699.159912,-0.0179659478484315,-0.0179659478484315
"338","^NYA",1994-01-03,0,2730.879883,2824.23999,2730.879883,2730.879883,2730.879883,0.0117517939040879,0.0117517939040879
"339","^NYA",1994-02-01,0,2817.26001,2830.689941,2725.379883,2817.26001,2817.26001,0.0316308774830136,0.0316308774830136
"340","^NYA",1994-03-01,0,2726.01001,2763.439941,2612.350098,2726.01001,2726.01001,-0.0323896266855398,-0.0323896266855398
"341","^NYA",1994-04-04,0,2570.899902,2648.399902,2570.899902,2570.899902,2570.899902,-0.0569000507815449,-0.0569000507815449
"342","^NYA",1994-05-02,0,2658.23999,2672.929932,2585.379883,2658.23999,2658.23999,0.033972574323899,0.033972574323899
"343","^NYA",1994-06-01,0,2673.570068,2697.360107,2585.810059,2673.570068,2673.570068,0.00576700300110966,0.00576700300110966
"344","^NYA",1994-07-01,0,2604.72998,2671.139893,2604.72998,2604.72998,2604.72998,-0.0257483762344395,-0.0257483762344395
"345","^NYA",1994-08-01,0,2686.26001,2771.370117,2669.870117,2686.26001,2686.26001,0.0313007607798179,0.0313007607798179
"346","^NYA",1994-09-01,0,2759.530029,2764.179932,2683.719971,2759.530029,2759.530029,0.0272758477315083,0.0272758477315083
"347","^NYA",1994-10-03,0,2695.669922,2743.139893,2642.689941,2695.669922,2695.669922,-0.0231416604743894,-0.0231416604743894
"348","^NYA",1994-11-01,0,2714.699951,2714.699951,2603.040039,2714.699951,2714.699951,0.00705948040770554,0.00705948040770554
"349","^NYA",1994-12-01,0,2601.560059,2664.469971,2577.879883,2601.560059,2601.560059,-0.04167675766831,-0.04167675766831
"350","^NYA",1995-01-03,0,2651.149902,2709.52002,2651.149902,2651.149902,2651.149902,0.0190615791584154,0.0190615791584154
"351","^NYA",1995-02-01,0,2706.879883,2800.560059,2706.879883,2706.879883,2706.879883,0.02102105994005,0.02102105994005
"352","^NYA",1995-03-01,0,2788.929932,2875.209961,2762.389893,2788.929932,2788.929932,0.0303116697254644,0.0303116697254644
"353","^NYA",1995-04-03,0,2870.659912,2932.199951,2870.659912,2870.659912,2870.659912,0.0293051392443515,0.0293051392443515
"354","^NYA",1995-05-01,0,2930.399902,3028.73999,2930.399902,2930.399902,2930.399902,0.0208105424645648,0.0208105424645648
"355","^NYA",1995-06-01,0,3031.810059,3118.51001,3003.469971,3031.810059,3031.810059,0.0346062518398214,0.0346062518398214
"356","^NYA",1995-07-03,0,3098,3194.639893,3098,3098,3098,0.0218318231392873,0.0218318231392873
"357","^NYA",1995-08-01,0,3175.080078,3193.27002,3148.540039,3175.080078,3175.080078,0.024880593285991,0.024880593285991
"358","^NYA",1995-09-01,0,3206.27002,3323.639893,3206.27002,3206.27002,3206.27002,0.00982335602056583,0.00982335602056583
"359","^NYA",1995-10-02,0,3299.850098,3334.850098,3252.060059,3299.850098,3299.850098,0.0291865867242211,0.0291865867242211
"360","^NYA",1995-11-01,0,3288.639893,3425.780029,3288.639893,3288.639893,3288.639893,-0.00339718613484719,-0.00339718613484719
"361","^NYA",1995-12-01,0,3430.439941,3501.699951,3421.76001,3430.439941,3430.439941,0.0431181438569261,0.0431181438569261
"362","^NYA",1996-01-02,0,3507.409912,3595.389893,3398.5,3507.409912,3507.409912,0.0224373469070449,0.0224373469070449
"363","^NYA",1996-02-01,0,3608.070068,3718.780029,3596.02002,3608.070068,3608.070068,0.0286992848071759,0.0286992848071759
"364","^NYA",1996-03-01,0,3649.840088,3708.73999,3592.320068,3649.840088,3649.840088,0.0115768317168945,0.0115768317168945
"365","^NYA",1996-04-01,0,3710.75,3721.110107,3588.51001,3710.75,3710.75,0.0166883782662863,0.0166883782662863
"366","^NYA",1996-05-01,0,3716.97998,3846.090088,3630.280029,3716.97998,3716.97998,0.00167890049181429,0.00167890049181429
"367","^NYA",1996-06-03,0,3788.25,3842.280029,3753.25,3788.25,3788.25,0.0191741737602795,0.0191741737602795
"368","^NYA",1996-07-01,0,3824.52002,3824.52002,3553.51001,3824.52002,3824.52002,0.00957434699399462,0.00957434699399462
"369","^NYA",1996-08-01,0,3677.330078,3793.01001,3677.330078,3677.330078,3677.330078,-0.0384858599851178,-0.0384858599851178
"370","^NYA",1996-09-03,0,3719.419922,3884.050049,3697,3719.419922,3719.419922,0.0114457617638968,0.0114457617638968
"371","^NYA",1996-10-01,0,3893.040039,4000.25,3893.040039,3893.040039,3893.040039,0.0466793534048291,0.0466793534048291
"372","^NYA",1996-11-01,0,3951.189941,4217.439941,3951.189941,3951.189941,3951.189941,0.0149368877323277,0.0149368877323277
"373","^NYA",1996-12-02,0,4209.830078,4209.830078,4027.01001,4209.830078,4209.830078,0.065458796175853,0.065458796175853
"374","^NYA",1997-01-02,0,4118.790039,4364.839844,4118.790039,4118.790039,4118.790039,-0.0216255851930373,-0.0216255851930373
"375","^NYA",1997-02-03,0,4361.450195,4515.720215,4321.910156,4361.450195,4361.450195,0.0589153983821218,0.0589153983821218
"376","^NYA",1997-03-03,0,4412.839844,4522.379883,4214.160156,4412.839844,4412.839844,0.0117826976584332,0.0117826976584332
"377","^NYA",1997-04-01,0,4227.379883,4408.609863,4118.149902,4227.379883,4227.379883,-0.0420273491801804,-0.0420273491801804
"378","^NYA",1997-05-01,0,4395.609863,4671.259766,4395.609863,4395.609863,4395.609863,0.0397953305962686,0.0397953305962686
"379","^NYA",1997-06-02,0,4668.72998,4946.810059,4654.339844,4668.72998,4668.72998,0.0621347493322795,0.0621347493322795
"380","^NYA",1997-07-01,0,4927.459961,5228.709961,4927.459961,4927.459961,4927.459961,0.0554176365110752,0.0554176365110752
"381","^NYA",1997-08-01,0,5191.490234,5255.140137,4960.140137,5191.490234,5191.490234,0.0535834436179603,0.0535834436179603
"382","^NYA",1997-09-02,0,5106.049805,5277.97998,5044.299805,5106.049805,5106.049805,-0.0164577847879662,-0.0164577847879662
"383","^NYA",1997-10-01,0,5298.279785,5437.120117,4897.859863,5298.279785,5298.279785,0.0376474941180094,0.0376474941180094
"384","^NYA",1997-11-03,0,5208.939941,5317,5042.930176,5208.939941,5208.939941,-0.0168620472352047,-0.0168620472352047
"385","^NYA",1997-12-01,0,5368.600098,5438.180176,5205.660156,5368.600098,5368.600098,0.030651180241742,0.030651180241742
"386","^NYA",1998-01-02,0,5415.339844,5425.700195,5154.379883,5415.339844,5415.339844,0.00870613291114997,0.00870613291114997
"387","^NYA",1998-02-02,0,5505.950195,5754.859863,5505.950195,5505.950195,5505.950195,0.0167321633748236,0.0167321633748236
"388","^NYA",1998-03-02,0,5758.77002,6079.470215,5713.089844,5758.77002,5758.77002,0.0459175648246124,0.0459175648246124
"389","^NYA",1998-04-01,0,6094.799805,6192.189941,5953.540039,6094.799805,6094.799805,0.0583509644998812,0.0583509644998812
"390","^NYA",1998-05-01,0,6152.959961,6161.629883,5962.839844,6152.959961,6152.959961,0.00954258677246256,0.00954258677246256
"391","^NYA",1998-06-01,0,5975.640137,6134.560059,5867.259766,5975.640137,5975.640137,-0.0288186214641287,-0.0288186214641287
"392","^NYA",1998-07-01,0,6191.97998,6352.169922,5977.009766,6191.97998,6191.97998,0.0362036263965204,0.0362036263965204
"393","^NYA",1998-08-03,0,5930.700195,5930.700195,5081.72998,5930.700195,5930.700195,-0.0421964841365653,-0.0421964841365653
"394","^NYA",1998-09-01,0,5243.830078,5571.830078,5142.109863,5243.830078,5243.830078,-0.115816024148225,-0.115816024148225
"395","^NYA",1998-10-01,0,5183.450195,5745.240234,5045.779785,5183.450195,5183.450195,-0.0115144621587412,-0.0115144621587412
"396","^NYA",1998-11-02,0,5828.660156,6164.47998,5828.660156,5828.660156,5828.660156,0.124474999609792,0.124474999609792
"397","^NYA",1998-12-01,0,6062.240234,6313.049805,5863.450195,6062.240234,6062.240234,0.0400744033359972,0.0400744033359972
"398","^NYA",1999-01-04,0,6282.060059,6461.180176,6144.080078,6282.060059,6282.060059,0.0362604938958282,0.0362604938958282
"399","^NYA",1999-02-01,0,6317.379883,6346.669922,6097.02002,6317.379883,6317.379883,0.00562233147538893,0.00562233147538893
"400","^NYA",1999-03-01,0,6190.180176,6530.439941,6159.72998,6190.180176,6190.180176,-0.0201348833465426,-0.0201348833465426
"401","^NYA",1999-04-01,0,6397,6801.759766,6397,6397,6397,0.0334109538203529,0.0334109538203529
"402","^NYA",1999-05-03,0,6811.390137,6887.200195,6492.47998,6811.390137,6811.390137,0.0647788239799907,0.0647788239799907
"403","^NYA",1999-06-01,0,6569.25,6853.149902,6550.430176,6569.25,6569.25,-0.0355492978862972,-0.0355492978862972
"404","^NYA",1999-07-01,0,6886.990234,7011.649902,6619.899902,6886.990234,6886.990234,0.0483678097195266,0.0483678097195266
"405","^NYA",1999-08-02,0,6612.180176,6766.759766,6379.870117,6612.180176,6612.180176,-0.0399027802657982,-0.0399027802657982
"406","^NYA",1999-09-01,0,6527.060059,6617.990234,6198.740234,6527.060059,6527.060059,-0.0128732301199167,-0.0128732301199167
"407","^NYA",1999-10-01,0,6264.720215,6613.549805,6092.27002,6264.720215,6264.720215,-0.0401926505392373,-0.0401926505392373
"408","^NYA",1999-11-01,0,6573.899902,6861.290039,6539.430176,6573.899902,6573.899902,0.0493525131832244,0.0493525131832244
"409","^NYA",1999-12-01,0,6711.890137,6876.100098,6655.529785,6711.890137,6711.890137,0.0209906200363683,0.0209906200363683
"410","^NYA",2000-01-03,0,6762.109863,6870.490234,6469.109863,6762.109863,6762.109863,0.00748220322069315,0.00748220322069315
"411","^NYA",2000-02-01,0,6606.890137,6657.540039,6094.910156,6606.890137,6606.890137,-0.0229543336539546,-0.0229543336539546
"412","^NYA",2000-03-01,0,6338.740234,6899.359863,6221.899902,6338.740234,6338.740234,-0.0405864025948159,-0.0405864025948159
"413","^NYA",2000-04-03,0,6975.069824,6991.350098,6465.72998,6975.069824,6975.069824,0.100387390318794,0.100387390318794
"414","^NYA",2000-05-01,0,6878.950195,6966.290039,6644.109863,6878.950195,6878.950195,-0.0137804540205847,-0.0137804540205847
"415","^NYA",2000-06-01,0,6888.359863,6975.379883,6766.759766,6888.359863,6888.359863,0.00136789302629903,0.00136789302629903
"416","^NYA",2000-07-03,0,6874.930176,7018.839844,6758.310059,6874.930176,6874.930176,-0.00194962041285562,-0.00194962041285562
"417","^NYA",2000-08-01,0,6851.350098,7140.02002,6851.350098,6851.350098,6851.350098,-0.00342986436172354,-0.00342986436172354
"418","^NYA",2000-09-01,0,7164.549805,7164.549805,6913.529785,7164.549805,7164.549805,0.0457135750647784,0.0457135750647784
"419","^NYA",2000-10-02,0,7046.02002,7061.879883,6599.279785,7046.02002,7046.02002,-0.0165439264470295,-0.0165439264470295
"420","^NYA",2000-11-01,0,7026.240234,7035.649902,6624.02002,7026.240234,7026.240234,-0.00280722818610446,-0.00280722818610446
"421","^NYA",2000-12-01,0,6677.209961,6977.600098,6608.259766,6677.209961,6677.209961,-0.0496752546704911,-0.0496752546704911
"422","^NYA",2001-01-02,26725300000,6785.689941,7022.970215,6754.819824,6785.689941,6785.689941,0.0162463035659512,0.0162463035659512
"423","^NYA",2001-02-01,21617600000,7048.129883,7048.129883,6587.430176,7048.129883,7048.129883,0.0386754986275315,0.0386754986275315
"424","^NYA",2001-03-01,27806610000,6610.169922,6759.259766,5988.430176,6610.169922,6610.169922,-0.0621384634321728,-0.0621384634321728
"425","^NYA",2001-04-02,25318490000,6230.990234,6742.22998,6049.02002,6230.990234,6230.990234,-0.0573630772694681,-0.0573630772694681
"426","^NYA",2001-05-01,24525900000,6778.180176,7016.299805,6687.040039,6778.180176,6778.180176,0.0878174931191844,0.0878174931191844
"427","^NYA",2001-06-01,24748030000,6796.899902,6894.390137,6513.419922,6796.899902,6796.899902,0.00276176282039287,0.00276176282039287
"428","^NYA",2001-07-02,23793710000,6632.580078,6632.580078,6324.359863,6632.580078,6632.580078,-0.0241757016241549,-0.0241757016241549
"429","^NYA",2001-08-01,23359200000,6525.580078,6538.799805,6197.259766,6525.580078,6525.580078,-0.0161324852081191,-0.0161324852081191
"430","^NYA",2001-09-04,25121190000,6233.740234,6233.740234,5331.379883,6233.740234,6233.740234,-0.0447224370112158,-0.0447224370112158
"431","^NYA",2001-10-01,29951280000,5731.490234,5990.859863,5731.490234,5731.490234,5731.490234,-0.080569606872714,-0.080569606872714
"432","^NYA",2001-11-01,2.633e+10,5878.569824,6219.790039,5878.569824,5878.569824,5878.569824,0.02566166633723,0.02566166633723
"433","^NYA",2001-12-03,25128570000,6082.959961,6284.810059,6019.310059,6082.959961,6082.959961,0.0347686840710051,0.0347686840710051
"434","^NYA",2002-01-02,29746200000,6244.209961,6307.970215,5973.419922,6244.209961,6244.209961,0.0265084763065728,0.0265084763065728
"435","^NYA",2002-02-01,26047600000,6087.930176,6124.299805,5894.75,6087.930176,6087.930176,-0.0250279516505835,-0.0250279516505835
"436","^NYA",2002-03-01,2.6546e+10,6224.02002,6445.009766,6224.02002,6224.02002,6224.02002,0.0223540415322925,0.0223540415322925
"437","^NYA",2002-04-01,28568900000,6327.109863,6327.109863,6010.430176,6327.109863,6327.109863,0.0165632248400127,0.0165632248400127
"438","^NYA",2002-05-01,26874200000,6136.459961,6193.879883,5977.859863,6136.459961,6136.459961,-0.0301322256335222,-0.0301322256335222
"439","^NYA",2002-06-03,30601860000,5901.830078,5920.870117,5543.279785,5901.830078,5901.830078,-0.0382353807392503,-0.0382353807392503
"440","^NYA",2002-07-01,42228720000,5535.240234,5598.680176,4549.660156,5535.240234,5535.240234,-0.0621146049877853,-0.0621146049877853
"441","^NYA",2002-08-01,29298400000,5067.879883,5452.450195,4793.180176,5067.879883,5067.879883,-0.0844336164723722,-0.0844336164723722
"442","^NYA",2002-09-03,27723710000,5036.589844,5205.759766,4709.330078,5036.589844,5036.589844,-0.00617418717932927,-0.00617418717932927
"443","^NYA",2002-10-01,37856310000,4873.75,5093.259766,4452.490234,4873.75,4873.75,-0.0323313688514836,-0.0323313688514836
"444","^NYA",2002-11-01,29170060000,5079.72998,5247.640137,4947.97998,5079.72998,5079.72998,0.0422631402923828,0.0422631402923828
"445","^NYA",2002-12-02,25993640000,5229.660156,5229.660156,4958.02002,5229.660156,5229.660156,0.029515383020418,0.029515383020418
"446","^NYA",2003-01-02,27512200000,5146,5255.390137,4784.439941,5146,5146,-0.0159972452328506,-0.0159972452328506
"447","^NYA",2003-02-03,25011200000,4868.680176,4884.790039,4649.709961,4884.790039,4884.790039,-0.0507598058686357,-0.0507598058686357
"448","^NYA",2003-03-03,27989400000,4716.080078,4970.939941,4486.700195,4709.379883,4709.379883,-0.035909456619329,-0.035909456619329
"449","^NYA",2003-04-01,29247700000,4730.209961,5135.120117,4793.560059,4793.560059,4793.560059,0.0178750022489957,0.0178750022489957
"450","^NYA",2003-05-01,30651700000,5131.560059,5435.370117,5126.799805,5126.799805,5126.799805,0.0695182165026462,0.0695182165026462
"451","^NYA",2003-06-02,31197300000,5435.379883,5722.850098,5470.02002,5470.02002,5470.02002,0.066946287753477,0.066946287753477
"452","^NYA",2003-07-01,31370400000,5501.379883,5642.439941,5483.609863,5526.47998,5526.47998,0.0103217099377271,0.0103217099377271
"453","^NYA",2003-08-01,24810070000,5558.990234,5660.160156,5451.02002,5505.72998,5505.72998,-0.00375465035159683,-0.00375465035159683
"454","^NYA",2003-09-02,29728400000,5660.160156,5855.970215,5644.029785,5732.27002,5732.27002,0.041146231439414,0.041146231439414
"455","^NYA",2003-10-01,31888500000,5644.02002,5960.279785,5768.319824,5768.319824,5768.319824,0.00628892286550031,0.00628892286550031
"456","^NYA",2003-11-03,24162820000,5959.009766,6073.02002,5924.779785,5995.97998,5995.97998,0.0394673254857998,0.0394673254857998
"457","^NYA",2003-12-01,27509130000,6073,6464,6108.649902,6147.350098,6147.350098,0.0252452674133177,0.0252452674133177
"458","^NYA",2004-01-02,32752700000,6464,6672.040039,6451.259766,6451.259766,6451.259766,0.0494375077318072,0.0494375077318072
"459","^NYA",2004-02-02,27865900000,6551.629883,6770.27002,6526.100098,6568.700195,6568.700195,0.0182042629284509,0.0182042629284509
"460","^NYA",2004-03-01,33331700000,6692.370117,6780.029785,6375.669922,6766.560059,6766.560059,0.0301216158640651,0.0301216158640651
"461","^NYA",2004-04-01,31526700000,6599.060059,6715.089844,6439.419922,6644.339844,6644.339844,-0.0180623853086826,-0.0180623853086826
"462","^NYA",2004-05-03,2.9323e+10,6439.419922,6554.02002,6231.189941,6488.75,6488.75,-0.0234169003472183,-0.0234169003472183
"463","^NYA",2004-06-01,27529300000,6484.72998,6610.890137,6456.709961,6487.25,6487.25,-0.00023116933153533,-0.00023116933153533
"464","^NYA",2004-07-01,29285600000,6602.919922,6544.759766,6297.640137,6544.759766,6544.759766,0.008865045435277,0.008865045435277
"465","^NYA",2004-08-02,26584100000,6403.149902,6455.52002,6217.060059,6426.399902,6426.399902,-0.0180846766316587,-0.0180846766316587
"466","^NYA",2004-09-01,26829470000,6454.200195,6633.220215,6469.859863,6469.859863,6469.859863,0.00676272277834356,0.00676272277834356
"467","^NYA",2004-10-01,31515800000,6570.390137,6717.430176,6516.100098,6663.180176,6663.180176,0.0298801391519414,0.0298801391519414
"468","^NYA",2004-11-01,30465180000,6692.709961,7046.689941,6699.859863,6699.859863,6699.859863,0.00550483193177276,0.00550483193177276
"469","^NYA",2004-12-01,31251300000,7005.720215,7253.560059,7014.720215,7097.319824,7097.319824,0.059323623049935,0.059323623049935
"470","^NYA",2005-01-03,31513560000,7250.060059,7179.709961,6984.029785,7179.709961,7179.709961,0.0116086267835067,0.0116086267835067
"471","^NYA",2005-02-01,29367530000,7089.950195,7361.890137,7146.209961,7146.209961,7146.209961,-0.00466592664355125,-0.00466592664355125
"472","^NYA",2005-03-01,39014150000,7321.22998,7441.180176,7070.529785,7351.029785,7351.029785,0.0286613218919947,0.0286613218919947
"473","^NYA",2005-04-01,43424270000,7167.549805,7227.080078,6935.310059,7136.359863,7136.359863,-0.0292027006118299,-0.0292027006118299
"474","^NYA",2005-05-02,39321990000,7008.370117,7184.899902,6937.689941,7043.009766,7043.009766,-0.013080912228655,-0.013080912228655
"475","^NYA",2005-06-01,40334040000,7134.319824,7346.319824,7169.209961,7190.649902,7190.649902,0.0209626482008771,0.0209626482008771
"476","^NYA",2005-07-01,37464760000,7217.839844,7516.779785,7245.589844,7245.589844,7245.589844,0.00764046960271547,0.00764046960271547
"477","^NYA",2005-08-01,42030090000,7476.660156,7590.830078,7379.859863,7502.100098,7502.100098,0.035402259791508,0.035402259791508
"478","^NYA",2005-09-01,44777510000,7496.109863,7663.819824,7515.02002,7543.850098,7543.850098,0.00556510836360746,0.00556510836360746
"479","^NYA",2005-10-03,49793790000,7632.97998,7626.22998,7234.089844,7626.22998,7626.22998,0.0109201377187811,0.0109201377187811
"480","^NYA",2005-11-01,45102870000,7433.049805,7747.52002,7425.180176,7425.180176,7425.180176,-0.0263629348350704,-0.0263629348350704
"481","^NYA",2005-12-01,41756130000,7645.470215,7852.180176,7731.279785,7756.540039,7756.540039,0.0446265080638766,0.0446265080638766
"482","^NYA",2006-01-03,49211650000,7753.970215,8106.549805,7902.27002,7912.410156,7912.410156,0.0200953152070746,0.0200953152070746
"483","^NYA",2006-02-01,42859940000,8106.450195,8139.669922,7932.5,8112.220215,8112.220215,0.02525274285086,0.02525274285086
"484","^NYA",2006-03-01,50905040000,8060.450195,8271.790039,8007.830078,8130.629883,8130.629883,0.00226937478422484,0.00226937478422484
"485","^NYA",2006-04-03,43308430000,8233.230469,8471.429688,8214.459961,8269.650391,8269.650391,0.0170983687611548,0.0170983687611548
"486","^NYA",2006-05-01,54312830000,8471.429688,8646.959961,8062.930176,8461.75,8461.75,0.0232294716121333,0.0232294716121333
"487","^NYA",2006-06-01,52856560000,8189.109863,8305.25,7719.779785,8270.879883,8270.879883,-0.0225568135432979,-0.0225568135432979
"488","^NYA",2006-07-03,46348220000,8169.069824,8254.980469,7892.870117,8241.509766,8241.509766,-0.00355102690590003,-0.00355102690590003
"489","^NYA",2006-08-01,47931050000,8242.230469,8388.55957,8163.279785,8206.099609,8206.099609,-0.00429656191709937,-0.00429656191709937
"490","^NYA",2006-09-01,49001440000,8388.679688,8490.679688,8262.169922,8435.75,8435.75,0.0279853282244016,0.0279853282244016
"491","^NYA",2006-10-02,56793620000,8469.669922,8845.320313,8447.830078,8461.379883,8461.379883,0.00303824591767188,0.00303824591767188
"492","^NYA",2006-11-01,55343930000,8774.980469,8969,8716.759766,8718.139648,8718.139648,0.0303449045605273,0.0303449045605273
"493","^NYA",2006-12-01,43183520000,8969,9179.400391,8949.070313,8949.070313,8949.070313,0.0264885255712757,0.0264885255712757
"494","^NYA",2007-01-03,53681740000,9137.959961,9268.490234,9003.120117,9133.080078,9133.080078,0.0205618861584644,0.0205618861584644
"495","^NYA",2007-02-01,51844990000,9254.839844,9453.929688,9088.650391,9327.69043,9327.69043,0.0213082936247084,0.0213082936247084
"496","^NYA",2007-03-01,61432670000,9124.540039,9341.360352,8837.969727,9074.269531,9074.269531,-0.0271686652662636,-0.0271686652662636
"497","^NYA",2007-04-02,57032470000,9261.839844,9746.570313,9305.549805,9305.549805,9305.549805,0.0254874811917245,0.0254874811917245
"498","^NYA",2007-05-01,64958050000,9627.730469,9978.639648,9639.790039,9639.790039,9639.790039,0.0359183757009616,0.0359183757009616
"499","^NYA",2007-06-01,65322800000,9978.740234,10064.049805,9720.94043,10042.599609,10042.599609,0.041786135213562,0.041786135213562
"500","^NYA",2007-07-02,70337430000,9873.019531,10220.669922,9508.230469,9997.429688,9997.429688,-0.00449783151361727,-0.00449783151361727
"501","^NYA",2007-08-01,91381760000,9554.5,9746.200195,9087.099609,9573.049805,9573.049805,-0.0424488989914464,-0.0424488989914464
"502","^NYA",2007-09-04,57809700000,9597.009766,10056.950195,9457.639648,9698.679688,9698.679688,0.0131232873074976,0.0131232873074976
"503","^NYA",2007-10-01,76022580000,10039.299805,10311.610352,9920.269531,10184.5,10184.5,0.0500913864184107,0.0500913864184107
"504","^NYA",2007-11-01,86246950000,10311.549805,10102.410156,9389.5,10022.080078,10022.080078,-0.0159477560999557,-0.0159477560999557
"505","^NYA",2007-12-03,64821670000,9856.80957,10104.419922,9528.669922,9811.860352,9811.860352,-0.0209756581831216,-0.0209756581831216
"506","^NYA",2008-01-02,95557820000,9740.30957,9656,8661.169922,9647.5,9647.5,-0.0167511915277613,-0.0167511915277613
"507","^NYA",2008-02-01,78536130000,9126.169922,9302.799805,8818.110352,9277.580078,9277.580078,-0.0383436042498055,-0.0383436042498055
"508","^NYA",2008-03-03,93189170000,8962.459961,8970.389648,8489.379883,8970.389648,8970.389648,-0.0331110513105075,-0.0331110513105075
"509","^NYA",2008-04-01,85978630000,8797.160156,9349.610352,8922.839844,9088.490234,9088.490234,0.0131656026810756,0.0131656026810756
"510","^NYA",2008-05-01,77037450000,9299.599609,9603.009766,9314.019531,9395.040039,9395.040039,0.0337294530892709,0.0337294530892709
"511","^NYA",2008-06-02,96614040000,9401.099609,9408.490234,8623.509766,9316.610352,9316.610352,-0.00834798858487329,-0.00834798858487329
"512","^NYA",2008-07-01,124980570000,8660.290039,8641.280273,8157.799805,8641.280273,8641.280273,-0.0724866720282046,-0.0724866720282046
"513","^NYA",2008-08-01,86266010000,8438.709961,8501.44043,8212.469727,8379.150391,8379.150391,-0.0303346117379198,-0.0303346117379198
"514","^NYA",2008-09-02,141134640000,8382.769531,8296.969727,7204.009766,8296.969727,8296.969727,-0.00980775617636243,-0.00980775617636243
"515","^NYA",2008-10-01,161289700000,7532.799805,7519.950195,5196.529785,7519.950195,7519.950195,-0.0936510024221762,-0.0936510024221762
"516","^NYA",2008-11-03,115660210000,6061.089844,6345.089844,4651.209961,6054.97998,6054.97998,-0.194811159251301,-0.194811159251301
"517","^NYA",2008-12-01,112884470000,5599.290039,5804.970215,5092.660156,5092.660156,5092.660156,-0.158930306487983,-0.158930306487983
"518","^NYA",2009-01-02,112090640000,5755.759766,5968.839844,5058.060059,5915.72998,5915.72998,0.161618839425263,0.161618839425263
"519","^NYA",2009-02-02,124492210000,5195.790039,5479.879883,4617.029785,5166.470215,5166.470215,-0.126655504482644,-0.126655504482644
"520","^NYA",2009-03-02,161843640000,4617.029785,5230.529785,4226.310059,4360.97998,4360.97998,-0.155907263853257,-0.155907263853257
"521","^NYA",2009-04-01,138855320000,4978.959961,5516.140137,5085.759766,5085.759766,5085.759766,0.166196540530782,0.166196540530782
"522","^NYA",2009-05-01,131614940000,5513.359863,6004.069824,5568.759766,5568.759766,5568.759766,0.0949710608096388,0.0949710608096388
"523","^NYA",2009-06-01,112653150000,6004.069824,6182.870117,5725.069824,6169.069824,6169.069824,0.107799596898611,0.107799596898611
"524","^NYA",2009-07-01,106635790000,5905.160156,6424.279785,5624.569824,5954.009766,5954.009766,-0.0348610186195876,-0.0348610186195876
"525","^NYA",2009-08-03,116825670000,6424.279785,6722.310059,6352.109863,6565.649902,6565.649902,0.10272743244271,0.10272743244271
"526","^NYA",2009-09-01,112295490000,6643.240234,7047.129883,6474.790039,6487.810059,6487.810059,-0.0118556188895007,-0.0118556188895007
"527","^NYA",2009-10-01,113410990000,6910.870117,7222.209961,6674.569824,6718.049805,6718.049805,0.0354880528107642,0.0354880528107642
"528","^NYA",2009-11-02,84981530000,6739.470215,7237.100098,6784.939941,6784.939941,6784.939941,0.00995677881849222,0.00995677881849222
"529","^NYA",2009-12-01,83734190000,7092.359863,7261.240234,7056.259766,7212.080078,7212.080078,0.0629541515052889,0.0629541515052889
"530","^NYA",2010-01-04,90947580000,7184.97998,7449.049805,6883.779785,7326.740234,7326.740234,0.0158983476001278,0.0158983476001278
"531","^NYA",2010-02-01,84561340000,6883.790039,7101.439941,6713.870117,7008.22998,7008.22998,-0.0434723006176665,-0.0434723006176665
"532","^NYA",2010-03-01,103683550000,7035.049805,7478.859863,7100.75,7100.75,7100.75,0.0132016244135869,0.0132016244135869
"533","^NYA",2010-04-01,116741910000,7447.939941,7728.959961,7463.089844,7539.049805,7539.049805,0.0617258465655035,0.0617258465655035
"534","^NYA",2010-05-03,127662780000,7474.430176,7543.120117,6631.359863,7543.120117,7543.120117,0.00053989721586678,0.00053989721586678
"535","^NYA",2010-06-01,110106750000,6791.439941,6989.879883,6469.649902,6661.100098,6661.100098,-0.116930395555041,-0.116930395555041
"536","^NYA",2010-07-01,94778110000,6469.649902,7046,6434.810059,6462.029785,6462.029785,-0.0298855009039379,-0.0298855009039379
"537","^NYA",2010-08-02,85738250000,6999.100098,7188.299805,6665.259766,7174.899902,7174.899902,0.110316748872738,0.110316748872738
"538","^NYA",2010-09-01,76528290000,6704.22998,7310.319824,6910.97998,6910.97998,6910.97998,-0.0367837775585458,-0.0367837775585458
"539","^NYA",2010-10-01,90148480000,7281.089844,7571.100098,7272.529785,7335.910156,7335.910156,0.0614862403349055,0.0614862403349055
"540","^NYA",2010-11-01,87151070000,7513.370117,7800.660156,7430.939941,7509.209961,7509.209961,0.0236234906527937,0.0236234906527937
"541","^NYA",2010-12-01,79698940000,7430.950195,7964.02002,7603.72998,7603.72998,7603.72998,0.0125872121689101,0.0125872121689101
"542","^NYA",2011-01-03,92164940000,7964.040039,8207.05957,7966.089844,8043.970215,8043.970215,0.0578979311677241,0.0578979311677241
"543","^NYA",2011-02-01,59223660000,8139.200195,8507.900391,8272.570313,8290.089844,8290.089844,0.0305967852219353,0.0305967852219353
"544","^NYA",2011-03-01,89507640000,8438.549805,8465.450195,7929.870117,8315.849609,8315.849609,0.00310729623981643,0.00310729623981643
"545","^NYA",2011-04-01,77364810000,8404.980469,8671.410156,8277.110352,8469.339844,8469.339844,0.0184575530122479,0.0184575530122479
"546","^NYA",2011-05-02,81708980000,8671.410156,8649.610352,8236.549805,8649.610352,8649.610352,0.0212850719560758,0.0212850719560758
"547","^NYA",2011-06-01,86122730000,8477.280273,8319.099609,7963.600098,8281.589844,8281.589844,-0.0425476400696945,-0.0425476400696945
"548","^NYA",2011-07-01,81102170000,8319.099609,8476.129883,8079.439941,8425.480469,8425.480469,0.0173747586768316,0.0173747586768316
"549","^NYA",2011-08-01,108419170000,8124.029785,8040.930176,6895.970215,8040.930176,8040.930176,-0.0456413488126739,-0.0456413488126739
"550","^NYA",2011-09-01,102786820000,7528.390137,7443.459961,6726.620117,7443.459961,7443.459961,-0.074303619347832,-0.074303619347832
"551","^NYA",2011-10-03,98063670000,6791.649902,7813.990234,6571.450195,6571.450195,6571.450195,-0.1171511327486,-0.1171511327486
"552","^NYA",2011-11-01,84275050000,7565.029785,7671.910156,6898.180176,7337.149902,7337.149902,0.116519137219148,0.116519137219148
"553","^NYA",2011-12-01,71765620000,7484.5,7559.709961,7142.450195,7450.430176,7450.430176,0.0154392748564562,0.0154392748564562
"554","^NYA",2012-01-03,79567560000,7477.029785,7914.810059,7557.680176,7624.319824,7624.319824,0.0233395446829565,0.0233395446829565
"555","^NYA",2012-02-01,78385710000,7838.47998,8171.540039,7931.430176,7931.430176,7931.430176,0.0402803606209265,0.0402803606209265
"556","^NYA",2012-03-01,83899660000,8136.129883,8297.469727,7920.350098,8175.109863,8175.109863,0.0307232972607334,0.0307232972607334
"557","^NYA",2012-04-02,74761710000,8206.94043,8281.120117,7841.910156,8281.120117,8281.120117,0.0129674409000662,0.0129674409000662
"558","^NYA",2012-05-01,86920490000,8115.060059,8164.040039,7427.740234,8164.040039,8164.040039,-0.0141381934262311,-0.0141381934262311
"559","^NYA",2012-06-01,76913090000,7368.410156,7801.839844,7285.529785,7292.22998,7292.22998,-0.106786597669208,-0.106786597669208
"560","^NYA",2012-07-02,73103810000,7810.830078,7912.160156,7590.609863,7832.149902,7832.149902,0.0740404407816002,0.0740404407816002
"561","^NYA",2012-08-01,70283810000,7891.339844,8102.069824,7765.600098,7841.330078,7841.330078,0.00117211444046239,0.00117211444046239
"562","^NYA",2012-09-04,69784280000,8012.870117,8458.870117,7992.009766,8002.310059,8002.310059,0.0205296779243682,0.0205296779243682
"563","^NYA",2012-10-01,71752320000,8276.089844,8446.509766,8179.259766,8284.360352,8284.360352,0.0352461090510714,0.0352461090510714
"564","^NYA",2012-11-01,71489310000,8231.669922,8312.349609,7896.879883,8311.360352,8311.360352,0.00325915325417747,0.00325915325417747
"565","^NYA",2012-12-03,66388180000,8260.429688,8516.429688,8223.540039,8223.540039,8223.540039,-0.0105662983291138,-0.0105662983291138
"566","^NYA",2013-01-02,75848510000,8571.530273,8935.639648,8604.379883,8632.009766,8632.009766,0.0496707895946076,0.0496707895946076
"567","^NYA",2013-02-01,69273480000,8931.459961,9004.389648,8719.400391,8965.120117,8965.120117,0.0385901267526441,0.0385901267526441
"568","^NYA",2013-03-01,68527110000,8827.830078,9127.959961,8874.19043,8874.19043,8874.19043,-0.0101426066592879,-0.0101426066592879
"569","^NYA",2013-04-01,7.7098e+10,9098.05957,9276.879883,8921.179688,9107.759766,9107.759766,0.0263200725567481,0.0263200725567481
"570","^NYA",2013-05-01,76447250000,9248.450195,9598.269531,9175.780273,9175.780273,9175.780273,0.00746841251280328,0.00746841251280328
"571","^NYA",2013-06-03,74946790000,9317.389648,9399.629883,8892.019531,9357.080078,9357.080078,0.0197585163992517,0.0197585163992517
"572","^NYA",2013-07-01,68106820000,9154.259766,9659.629883,9135.089844,9167.879883,9167.879883,-0.0202200038284209,-0.0202200038284209
"573","^NYA",2013-08-01,64802810000,9617.290039,9690.070313,9270.660156,9673.400391,9673.400391,0.0551403939025625,0.0551403939025625
"574","^NYA",2013-09-03,66174410000,9357.80957,9887.879883,9333.490234,9333.490234,9333.490234,-0.0351386423864194,-0.0351386423864194
"575","^NYA",2013-10-01,76647400000,9624.179688,10108.429688,9483.160156,9693.269531,9693.269531,0.0385471338138221,0.0385471338138221
"576","^NYA",2013-11-01,63628190000,10010.269531,10205.719727,9924.370117,10018.150391,10018.150391,0.0335161277586473,0.0335161277586473
"577","^NYA",2013-12-02,64958820000,10173.769531,10400.320313,9949.580078,10137.019531,10137.019531,0.0118653778752202,0.0118653778752202
"578","^NYA",2014-01-02,75871910000,10352.709961,10385.389648,9962.919922,10283.419922,10283.419922,0.0144421533915657,0.0144421533915657
"579","^NYA",2014-02-03,69725590000,9967.69043,10425.860352,9741.580078,9741.580078,9741.580078,-0.0526906270588838,-0.0526906270588838
"580","^NYA",2014-03-03,71885030000,10349.299805,10527.769531,10285.080078,10329.790039,10329.790039,0.0603813710188954,0.0603813710188954
"581","^NYA",2014-04-01,71595810000,10538.44043,10627.169922,10280.94043,10584.30957,10584.30957,0.024639371181705,0.024639371181705
"582","^NYA",2014-05-01,63623630000,10626.509766,10756.30957,10541.950195,10629.339844,10629.339844,0.00425443659807856,0.00425443659807856
"583","^NYA",2014-06-02,63283380000,10760.540039,11018.110352,10770.330078,10772.009766,10772.009766,0.0134222749572293,0.0134222749572293
"584","^NYA",2014-07-01,66524690000,11002.370117,11104.719727,10726.429688,11046.610352,11046.610352,0.0254920476276146,0.0254920476276146
"585","^NYA",2014-08-01,58131140000,10699.80957,11046.290039,10583.790039,10692.169922,10692.169922,-0.0320858995389323,-0.0320858995389323
"586","^NYA",2014-09-02,6.6706e+10,11050.570313,11073.410156,10702.929688,11038.120117,11038.120117,0.0323554711086458,0.0323554711086458
"587","^NYA",2014-10-01,93694040000,10688.650391,10845,10109.69043,10571.549805,10571.549805,-0.04226900115731,-0.04226900115731
"588","^NYA",2014-11-03,63600190000,10834.400391,11047.910156,10758.070313,10808.669922,10808.669922,0.022430024109412,0.022430024109412
"589","^NYA",2014-12-01,80743820000,10933.110352,10988.009766,10390.019531,10888.55957,10888.55957,0.00739125614682634,0.00739125614682634
"590","^NYA",2015-01-02,77330040000,10859.799805,10859.349609,10514.599609,10830.919922,10830.919922,-0.0052935971585083,-0.0052935971585083
"591","^NYA",2015-02-02,68775560000,10567.959961,11122.110352,10669.030273,10669.030273,10669.030273,-0.0149469897447183,-0.0149469897447183
"592","^NYA",2015-03-02,76675850000,11053.660156,11102.820313,10678.410156,11102.820313,11102.820313,0.0406588067425198,0.0406588067425198
"593","^NYA",2015-04-01,72060940000,10906.129883,11203.080078,10891.610352,10891.610352,10891.610352,-0.0190230909846123,-0.0190230909846123
"594","^NYA",2015-05-01,65187730000,11074.950195,11239.660156,11015.990234,11140.360352,11140.360352,0.022838679677365,0.022838679677365
"595","^NYA",2015-06-01,73192620000,11081.669922,11149.360352,10790.330078,11061.679688,11061.679688,-0.00706266776961795,-0.00706266776961795
"596","^NYA",2015-07-01,77920590000,10844.459961,11024.870117,10636.799805,10858.990234,10858.990234,-0.0183235692694919,-0.0183235692694919
"597","^NYA",2015-08-03,84626790000,10883.469727,10906.049805,9692.389648,10841.259766,10841.259766,-0.00163279159644947,-0.00163279159644947
"598","^NYA",2015-09-01,79989370000,10176.5,10236.719727,9601.419922,9874.669922,9874.669922,-0.0891584432863962,-0.0891584432863962
"599","^NYA",2015-10-01,85844900000,9832.330078,10538.200195,9820.950195,9820.950195,9820.950195,-0.00544015419495858,-0.00544015419495858
"600","^NYA",2015-11-02,75943590000,10474.580078,10609.919922,10155.070313,10579.870117,10579.870117,0.0772756104991124,0.0772756104991124
"601","^NYA",2015-12-01,83649260000,10447.05957,10519.589844,9967.639648,10519.589844,10519.589844,-0.00569763828226399,-0.00569763828226399
"602","^NYA",2016-01-04,92409770000,10020.049805,10028.05957,9156.839844,10001.55957,10001.55957,-0.049244341431759,-0.049244341431759
"603","^NYA",2016-02-01,93049560000,9578.919922,9625.269531,9029.879883,9616.69043,9616.69043,-0.0384809126323085,-0.0384809126323085
"604","^NYA",2016-03-01,92639420000,9626.879883,10236.950195,9771,9771,9771,0.0160460161552689,0.0160460161552689
"605","^NYA",2016-04-01,81124990000,10132.580078,10571.830078,10045.150391,10219.959961,10219.959961,0.0459482101115547,0.0459482101115547
"606","^NYA",2016-05-02,75101210000,10450.129883,10496.330078,10192.480469,10496.330078,10496.330078,0.0270421917556083,0.0270421917556083
"607","^NYA",2016-06-01,86852700000,10385.929688,10641.169922,9973.540039,10454.929688,10454.929688,-0.0039442728736947,-0.0039442728736947
"608","^NYA",2016-07-01,69530250000,10495.080078,10805.040039,10409.540039,10515.759766,10515.759766,0.00581831536082156,0.00581831536082156
"609","^NYA",2016-08-01,75610310000,10768.75,10863.009766,10661.129883,10730.200195,10730.200195,0.0203922905973317,0.0203922905973317
"610","^NYA",2016-09-01,77270240000,10762.450195,10890.790039,10511.400391,10771.929688,10771.929688,0.00388897618326323,0.00388897618326323
"611","^NYA",2016-10-03,73196630000,10721.849609,10690.769531,10476.620117,10690.769531,10690.769531,-0.00753441206457306,-0.00753441206457306
"612","^NYA",2016-11-01,88299760000,10508.009766,10878.089844,10289.349609,10414.049805,10414.049805,-0.0258839857315786,-0.0258839857315786
"613","^NYA",2016-12-01,75251240000,10860.419922,11237.169922,10828.990234,10828.990234,10828.990234,0.0398442908157381,0.0398442908157381
"614","^NYA",2017-01-03,70483180000,11138.849609,11339.049805,11148.849609,11154.349609,11154.349609,0.0300452182492936,0.0300452182492936
"615","^NYA",2017-02-01,69162420000,11244.820313,11578.25,11207.240234,11207.240234,11207.240234,0.00474170407545094,0.00474170407545094
"616","^NYA",2017-03-01,81547770000,11593.209961,11661.219727,11414.330078,11661.219727,11661.219727,0.0405076971244658,0.0405076971244658
"617","^NYA",2017-04-03,65265670000,11495.330078,11603.280273,11324.530273,11463.910156,11463.910156,-0.0169201486310352,-0.0169201486310352
"618","^NYA",2017-05-01,72244930000,11550.410156,11639.299805,11423.530273,11536.490234,11536.490234,0.00633117993881127,0.00633117993881127
"619","^NYA",2017-06-01,77145350000,11616.209961,11833.339844,11667.730469,11699.790039,11699.790039,0.014155068108906,0.014155068108906
"620","^NYA",2017-07-03,63169400000,11801.44043,11967.669922,11702.429688,11835.719727,11835.719727,0.0116181305431031,0.0116181305431031
"621","^NYA",2017-08-01,70616030000,12006.740234,12000.019531,11699.830078,12000.019531,12000.019531,0.013881690998917,0.013881690998917
"622","^NYA",2017-09-01,66337980000,11897.969727,12209.160156,11827.150391,11918.080078,11918.080078,-0.00682827663641072,-0.00682827663641072
"623","^NYA",2017-10-02,70871570000,12209.160156,12430.519531,12264.660156,12264.660156,12264.660156,0.0290801937670953,0.0290801937670953
"624","^NYA",2017-11-01,73173260000,12383.870117,12627.799805,12220.339844,12362.879883,12362.879883,0.00800835292219237,0.00800835292219237
"625","^NYA",2017-12-01,65251190000,12636.730469,12853.089844,12532.429688,12614.55957,12614.55957,0.0203576908763856,0.0203576908763856
"626","^NYA",2018-01-02,76850120000,12860.929688,13637.019531,12902.719727,12902.719727,12902.719727,0.02284345762537,0.02284345762537
"627","^NYA",2018-02-01,79579410000,13338.990234,13381.969727,12270.650391,13381.969727,13381.969727,0.0371433318044667,0.0371433318044667
"628","^NYA",2018-03-01,76369800000,12644.429688,12918.820313,12177.700195,12518.730469,12518.730469,-0.0645076379345182,-0.0645076379345182
"629","^NYA",2018-04-02,69648590000,12432.889648,12732.849609,12216.709961,12216.709961,12216.709961,-0.0241254901004451,-0.0241254901004451
"630","^NYA",2018-05-01,75617280000,12490.240234,12804.009766,12392.5,12493.019531,12493.019531,0.0226173471320901,0.0226173471320901
"631","^NYA",2018-06-01,77439710000,12596.679688,12856.959961,12412.070313,12620.830078,12620.830078,0.0102305568868162,0.0102305568868162
"632","^NYA",2018-07-02,64542170000,12430.700195,12963.280273,12485.580078,12485.580078,12485.580078,-0.0107164108195832,-0.0107164108195832
"633","^NYA",2018-08-01,69238220000,12949.849609,13132.160156,12723.089844,12902.389648,12902.389648,0.0333832763392734,0.0333832763392734
"634","^NYA",2018-09-04,62492080000,12976.049805,13236.44043,12911.120117,12969.860352,12969.860352,0.00522931843175711,0.00522931843175711
"635","^NYA",2018-10-01,91327930000,13146.299805,13125.349609,11942.509766,13125.349609,13125.349609,0.0119885066438687,0.0119885066438687
"636","^NYA",2018-11-01,80080110000,12208.05957,12679.099609,12036.240234,12356.5,12356.5,-0.0585774575080883,-0.0585774575080883
"637","^NYA",2018-12-03,78342100000,12609.700195,12577.540039,10769.830078,12577.540039,12577.540039,0.0178885638328006,0.0178885638328006
"638","^NYA",2019-01-02,80399630000,11238.769531,12299.030273,11190.44043,11383.530273,11383.530273,-0.0949318994252975,-0.0949318994252975
"639","^NYA",2019-02-01,70183430000,12312.259766,12700.19043,12292.139648,12329.69043,12329.69043,0.0831165846015403,0.0831165846015403
"640","^NYA",2019-03-01,78596280000,12698.230469,12782.540039,12415.129883,12700.669922,12700.669922,0.0300883054693206,0.0300883054693206
"641","^NYA",2019-04-01,69604840000,12775.839844,13060.650391,12819.049805,12836.030273,12836.030273,0.0106577331614242,0.0106577331614242
"642","^NYA",2019-05-01,76860120000,13066.080078,13037.879883,12264.490234,12946.129883,12946.129883,0.00857738784175277,0.00857738784175277
"643","^NYA",2019-06-03,70904280000,12288.509766,13081.540039,12341.820313,12341.820313,12341.820313,-0.0466787816483704,-0.0466787816483704
"644","^NYA",2019-07-01,70349470000,13049.709961,13239.870117,13066.599609,13127.69043,13127.69043,0.0636753815133915,0.0636753815133915
"645","^NYA",2019-08-01,79599440000,13053.660156,12920.820313,12368.049805,12920.820313,12920.820313,-0.0157583025059191,-0.0157583025059191
"646","^NYA",2019-09-03,73992330000,12720.19043,13131.410156,12663.400391,12663.400391,12663.400391,-0.0199228776319259,-0.0199228776319259
"647","^NYA",2019-10-01,77564550000,13002.330078,13244.009766,12590.910156,12835.349609,12835.349609,0.0135784396521339,0.0135784396521339
"648","^NYA",2019-11-01,72179920000,13231.179688,13607.620117,13300.269531,13300.269531,13300.269531,0.0362218354904804,0.0362218354904804
"649","^NYA",2019-12-02,7.2054e+10,13554.290039,13944.139648,13366.089844,13448.259766,13448.259766,0.0111268598470931,0.0111268598470931
"650","^NYA",2020-01-02,77104420000,13913.030273,14183.200195,13614.099609,14002.490234,14002.490234,0.041212058485159,0.041212058485159
"651","^NYA",2020-02-03,84292270000,13655.889648,14136.980469,12380.969727,13677.919922,13677.919922,-0.0231794706924272,-0.0231794706924272
"652","^NYA",2020-03-02,161801100000,12441.429688,13009.959961,8777.379883,12827.990234,12827.990234,-0.0621388115186245,-0.0621388115186245
"653","^NYA",2020-04-01,123163450000,9917.30957,11618.230469,9844.849609,9844.849609,9844.849609,-0.232549337081137,-0.232549337081137
"654","^NYA",2020-05-01,106799100000,11158.870117,11837.530273,10829.44043,11058.570313,11058.570313,0.123284839505363,0.123284839505363
"655","^NYA",2020-06-01,1.31044e+11,11799.919922,12836.599609,11604.429688,11900.240234,11900.240234,0.0761101930156891,0.0761101930156891
"656","^NYA",2020-07-01,97197020000,11907.830078,12669.620117,11901.549805,11901.549805,11901.549805,0.000110045761618993,0.000110045761618993
"657","^NYA",2020-08-03,84402300000,12513.209961,13170.959961,12536.80957,12536.80957,12536.80957,0.0533762220390086,0.0533762220390086
"658","^NYA",2020-09-01,92084120000,13032.040039,13276.740234,12359.160156,13113.740234,13113.740234,0.0460189381340346,0.0460189381340346
"659","^NYA",2020-10-01,89737600000,12759.660156,13324.870117,12415.419922,12726.839844,12726.839844,-0.02950343556424,-0.02950343556424
"660","^NYA",2020-11-02,100977880000,12573.339844,14249.5,12662.169922,12662.169922,12662.169922,-0.00508138098637967,-0.00508138098637967
"661","^NYA",2020-12-01,96056410000,14183.450195,14524.799805,14146.639648,14146.639648,14146.639648,0.117236598082671,0.117236598082671
"662","^NYA",2021-01-04,105548790000,14601.450195,15097.280273,14376.700195,14376.700195,14376.700195,0.0162625579448137,0.0162625579448137
"663","^NYA",2021-02-01,98596960000,14397.200195,15539.419922,14596.179688,14596.179688,14596.179688,0.0152663330265683,0.0152663330265683
"664","^NYA",2021-03-01,120863560000,15010.469727,15775.5,14959.410156,15327.769531,15327.769531,0.0501220085418286,0.0501220085418286
"665","^NYA",2021-04-01,4151240000,15601.740234,15751.700195,15751.700195,15751.700195,15751.700195,0.0276576877765946,0.0276576877765946
